date_time,is_valid,latitude,lat_dir,longitude,lon_dir,speed_over_ground_knots,heading_true_course,epoch_ts
2021-04-12 17:43:52,True,48.162322,N,11.586408,E,0.947,,1618249432.0
2021-04-12 17:43:53,True,48.16232383333333,N,11.586386666666666,E,1.039,,1618249433.0
2021-04-12 17:43:54,True,48.16232083333333,N,11.586368333333333,E,1.270,,1618249434.0
2021-04-12 17:43:55,True,48.16230866666667,N,11.586355666666666,E,1.729,,1618249435.0
2021-04-12 17:43:56,True,48.16229766666667,N,11.586352,E,1.874,,1618249436.0
2021-04-12 17:43:57,True,48.1622845,N,11.586356,E,2.092,,1618249437.0
2021-04-12 17:43:58,True,48.162276,N,11.586353,E,2.139,,1618249438.0
2021-04-12 17:43:59,True,48.16226266666666,N,11.586352166666666,E,2.385,,1618249439.0
2021-04-12 17:44:00,True,48.16224316666667,N,11.5863545,E,2.347,,1618249440.0
2021-04-12 17:44:01,True,48.16221916666667,N,11.586339166666667,E,2.444,,1618249441.0
2021-04-12 17:44:02,True,48.16220466666667,N,11.586311333333333,E,2.261,,1618249442.0
2021-04-12 17:44:03,True,48.16220216666667,N,11.586295,E,2.169,,1618249443.0
2021-04-12 17:44:04,True,48.16218333333333,N,11.586281833333333,E,2.357,,1618249444.0
2021-04-12 17:44:05,True,48.162175166666664,N,11.5862685,E,2.002,,1618249445.0
2021-04-12 17:44:06,True,48.16216933333333,N,11.586257166666666,E,1.611,,1618249446.0
2021-04-12 17:44:07,True,48.162175166666664,N,11.586258,E,1.179,,1618249447.0
2021-04-12 17:44:08,True,48.16218166666667,N,11.586257333333334,E,0.905,,1618249448.0
2021-04-12 17:44:09,True,48.162183166666665,N,11.586255666666666,E,1.001,,1618249449.0
2021-04-12 17:44:10,True,48.162192166666664,N,11.586253666666666,E,0.286,,1618249450.0
2021-04-12 17:44:11,True,48.1621955,N,11.58625,E,0.407,,1618249451.0
2021-04-12 17:44:12,True,48.16219266666667,N,11.586246166666667,E,0.962,,1618249452.0
2021-04-12 17:44:13,True,48.1621905,N,11.586241,E,1.178,,1618249453.0
2021-04-12 17:44:14,True,48.16219433333333,N,11.5862405,E,0.771,,1618249454.0
2021-04-12 17:44:15,True,48.162202666666666,N,11.586239333333333,E,0.624,,1618249455.0
2021-04-12 17:44:16,True,48.162194666666664,N,11.586231166666666,E,0.762,,1618249456.0
2021-04-12 17:44:17,True,48.162197166666665,N,11.586221333333333,E,0.512,,1618249457.0
2021-04-12 17:44:18,True,48.1622005,N,11.586231,E,0.780,,1618249458.0
2021-04-12 17:44:19,True,48.162203,N,11.5862315,E,0.842,,1618249459.0
2021-04-12 17:44:20,True,48.16223816666667,N,11.586198166666666,E,0.343,,1618249460.0
2021-04-12 17:44:21,True,48.1622785,N,11.586173,E,1.008,,1618249461.0
2021-04-12 17:44:22,True,48.1623125,N,11.586148166666666,E,1.286,,1618249462.0
2021-04-12 17:44:23,True,48.162336333333336,N,11.586133666666667,E,1.563,,1618249463.0
2021-04-12 17:44:24,True,48.1623655,N,11.5861185,E,2.006,,1618249464.0
2021-04-12 17:44:25,True,48.16239066666667,N,11.586105833333333,E,2.446,,1618249465.0
2021-04-12 17:44:26,True,48.16237983333333,N,11.586101333333334,E,1.283,,1618249466.0
2021-04-12 17:44:27,True,48.162374666666665,N,11.586105,E,0.753,,1618249467.0
2021-04-12 17:44:28,True,48.162366666666664,N,11.586116333333333,E,0.823,,1618249468.0
2021-04-12 17:44:29,True,48.162375,N,11.586111166666667,E,0.576,,1618249469.0
2021-04-12 17:44:30,True,48.16238033333333,N,11.586105333333334,E,0.654,,1618249470.0
2021-04-12 17:44:31,True,48.162380166666665,N,11.586101166666667,E,0.630,,1618249471.0
2021-04-12 17:44:32,True,48.162374,N,11.5860955,E,0.455,,1618249472.0
2021-04-12 17:44:33,True,48.1623715,N,11.586085833333334,E,0.772,,1618249473.0
2021-04-12 17:44:34,True,48.16239916666667,N,11.58608,E,0.605,,1618249474.0
2021-04-12 17:44:35,True,48.16242116666667,N,11.586075833333334,E,0.625,,1618249475.0
2021-04-12 17:44:36,True,48.16244066666667,N,11.586072833333333,E,0.392,,1618249476.0
2021-04-12 17:44:37,True,48.162431166666664,N,11.586074833333333,E,0.806,,1618249477.0
2021-04-12 17:44:38,True,48.162417,N,11.586071666666667,E,1.417,,1618249478.0
2021-04-12 17:44:39,True,48.162394666666664,N,11.586066,E,2.374,,1618249479.0
2021-04-12 17:44:40,True,48.1623715,N,11.586062333333333,E,2.569,155.11,1618249480.0
2021-04-12 17:44:41,True,48.162343,N,11.586059666666667,E,3.127,172.16,1618249481.0
2021-04-12 17:44:42,True,48.16232633333333,N,11.586058833333333,E,3.039,178.38,1618249482.0
2021-04-12 17:44:43,True,48.162308,N,11.586066166666667,E,3.051,179.02,1618249483.0
2021-04-12 17:44:44,True,48.162295,N,11.586078333333333,E,2.902,175.29,1618249484.0
2021-04-12 17:44:45,True,48.16228316666667,N,11.586086,E,2.735,173.43,1618249485.0
2021-04-12 17:44:46,True,48.16226283333334,N,11.586084333333334,E,3.177,174.72,1618249486.0
2021-04-12 17:44:47,True,48.1622485,N,11.586078666666667,E,2.883,177.31,1618249487.0
2021-04-12 17:44:48,True,48.1622395,N,11.586078833333334,E,2.460,178.70,1618249488.0
2021-04-12 17:44:49,True,48.162237,N,11.586081666666667,E,1.720,,1618249489.0
2021-04-12 17:44:50,True,48.16223033333333,N,11.5860825,E,1.427,,1618249490.0
2021-04-12 17:44:51,True,48.16221733333333,N,11.5860835,E,1.636,,1618249491.0
2021-04-12 17:44:52,True,48.162213666666666,N,11.586094,E,1.118,,1618249492.0
2021-04-12 17:44:53,True,48.1622075,N,11.586101333333334,E,0.827,,1618249493.0
2021-04-12 17:44:54,True,48.162209833333335,N,11.586103166666666,E,0.190,,1618249494.0
2021-04-12 17:44:55,True,48.16221516666667,N,11.586105166666666,E,0.598,,1618249495.0
2021-04-12 17:44:56,True,48.16221816666667,N,11.586097666666667,E,0.856,,1618249496.0
2021-04-12 17:44:57,True,48.162227333333334,N,11.5860945,E,1.239,,1618249497.0
2021-04-12 17:44:58,True,48.162241,N,11.586095833333333,E,1.999,70.45,1618249498.0
2021-04-12 17:44:59,True,48.162249333333335,N,11.586096833333333,E,2.186,31.33,1618249499.0
2021-04-12 17:45:00,True,48.16224916666667,N,11.5861,E,1.790,,1618249500.0
2021-04-12 17:45:01,True,48.16224233333333,N,11.586101,E,1.112,,1618249501.0
2021-04-12 17:45:02,True,48.162243,N,11.586086833333333,E,1.027,,1618249502.0
2021-04-12 17:45:03,True,48.162243333333336,N,11.586081,E,0.908,,1618249503.0
2021-04-12 17:45:04,True,48.162239166666666,N,11.586081166666666,E,0.636,,1618249504.0
2021-04-12 17:45:05,True,48.16224116666667,N,11.58608,E,0.939,,1618249505.0
2021-04-12 17:45:06,True,48.16224183333333,N,11.586074666666667,E,0.988,,1618249506.0
2021-04-12 17:45:07,True,48.162247,N,11.58607,E,1.227,,1618249507.0
2021-04-12 17:45:08,True,48.162251166666664,N,11.5860705,E,1.389,,1618249508.0
2021-04-12 17:45:09,True,48.16226116666667,N,11.586076166666667,E,1.878,,1618249509.0
2021-04-12 17:45:10,True,48.1622645,N,11.586075,E,1.572,,1618249510.0
2021-04-12 17:45:11,True,48.162262166666665,N,11.586077666666666,E,1.013,,1618249511.0
2021-04-12 17:45:12,True,48.162265166666664,N,11.5860805,E,1.014,,1618249512.0
2021-04-12 17:45:13,True,48.162263833333334,N,11.586081833333333,E,0.615,,1618249513.0
2021-04-12 17:45:14,True,48.162265166666664,N,11.5860865,E,0.642,,1618249514.0
2021-04-12 17:45:15,True,48.162265,N,11.586092166666667,E,0.749,,1618249515.0
2021-04-12 17:45:16,True,48.1622575,N,11.586094166666667,E,0.820,,1618249516.0
2021-04-12 17:45:17,True,48.162265,N,11.586093166666666,E,0.204,,1618249517.0
2021-04-12 17:45:18,True,48.1622705,N,11.586096666666666,E,0.295,,1618249518.0
2021-04-12 17:45:19,True,48.162271833333335,N,11.5861075,E,0.513,,1618249519.0
2021-04-12 17:45:20,True,48.16228366666667,N,11.586122666666666,E,1.041,,1618249520.0
2021-04-12 17:45:21,True,48.162288833333335,N,11.586122333333334,E,0.515,,1618249521.0
2021-04-12 17:45:22,True,48.162310166666664,N,11.586112,E,1.604,,1618249522.0
2021-04-12 17:45:23,True,48.16232016666667,N,11.586103166666666,E,2.060,,1618249523.0
2021-04-12 17:45:24,True,48.162331333333334,N,11.586088,E,2.401,,1618249524.0
2021-04-12 17:45:25,True,48.162351,N,11.586095333333333,E,2.737,,1618249525.0
2021-04-12 17:45:26,True,48.162332,N,11.5860775,E,3.952,306.27,1618249526.0
2021-04-12 17:45:27,True,48.16231233333333,N,11.586065,E,4.002,274.56,1618249527.0
2021-04-12 17:45:28,True,48.16228383333333,N,11.5860635,E,4.590,248.68,1618249528.0
2021-04-12 17:45:29,True,48.16225566666667,N,11.586058833333333,E,5.317,229.89,1618249529.0
2021-04-12 17:45:30,True,48.162227666666666,N,11.586065666666666,E,5.656,211.64,1618249530.0
2021-04-12 17:45:31,True,48.1622085,N,11.5860705,E,5.715,201.79,1618249531.0
2021-04-12 17:45:32,True,48.16218933333333,N,11.586079,E,6.186,194.53,1618249532.0
2021-04-12 17:45:33,True,48.162167,N,11.586092333333333,E,6.492,188.36,1618249533.0
2021-04-12 17:45:34,True,48.16214266666667,N,11.586113166666667,E,6.391,180.66,1618249534.0
2021-04-12 17:45:35,True,48.16212616666667,N,11.586117333333334,E,5.352,178.89,1618249535.0
2021-04-12 17:45:36,True,48.162109,N,11.586118333333333,E,4.418,179.07,1618249536.0
2021-04-12 17:45:37,True,48.16209716666667,N,11.586120166666667,E,3.224,179.97,1618249537.0
2021-04-12 17:45:38,True,48.162095,N,11.5861275,E,1.684,,1618249538.0
2021-04-12 17:45:39,True,48.16209283333333,N,11.586129166666666,E,0.881,,1618249539.0
2021-04-12 17:45:40,True,48.16209516666667,N,11.586136833333333,E,0.238,,1618249540.0
2021-04-12 17:45:41,True,48.162094333333336,N,11.586139833333334,E,0.361,,1618249541.0
2021-04-12 17:45:42,True,48.162094333333336,N,11.586148833333333,E,0.151,,1618249542.0
2021-04-12 17:45:43,True,48.16209466666667,N,11.586150166666666,E,0.325,,1618249543.0
2021-04-12 17:45:44,True,48.162093666666664,N,11.586151666666666,E,0.424,,1618249544.0
2021-04-12 17:45:45,True,48.16209166666667,N,11.586157,E,0.208,,1618249545.0
2021-04-12 17:45:46,True,48.162087166666666,N,11.586161,E,0.111,,1618249546.0
2021-04-12 17:45:47,True,48.162084166666666,N,11.586163,E,0.155,,1618249547.0
2021-04-12 17:45:48,True,48.1620805,N,11.586164333333333,E,0.101,,1618249548.0
2021-04-12 17:45:49,True,48.162078,N,11.586163333333333,E,0.184,,1618249549.0
2021-04-12 17:45:50,True,48.1620765,N,11.586165166666667,E,0.259,,1618249550.0
2021-04-12 17:45:51,True,48.16207583333333,N,11.586165833333334,E,0.186,,1618249551.0
2021-04-12 17:45:52,True,48.162076,N,11.5861685,E,0.164,,1618249552.0
2021-04-12 17:45:53,True,48.16207566666667,N,11.586172333333334,E,0.054,,1618249553.0
2021-04-12 17:45:54,True,48.16207566666667,N,11.5861765,E,0.159,,1618249554.0
2021-04-12 17:45:55,True,48.162077,N,11.586175833333334,E,0.173,,1618249555.0
2021-04-12 17:45:56,True,48.162077333333336,N,11.586179,E,0.257,,1618249556.0
2021-04-12 17:45:57,True,48.1620785,N,11.586182833333334,E,0.244,,1618249557.0
2021-04-12 17:45:58,True,48.162076666666664,N,11.586190833333333,E,0.053,,1618249558.0
2021-04-12 17:45:59,True,48.16207333333333,N,11.586198833333333,E,0.126,,1618249559.0
2021-04-12 17:46:00,True,48.162063833333335,N,11.586211333333333,E,1.301,,1618249560.0
2021-04-12 17:46:01,True,48.16205333333333,N,11.586219666666667,E,2.152,177.78,1618249561.0
2021-04-12 17:46:02,True,48.1620285,N,11.586227333333333,E,4.506,181.36,1618249562.0
2021-04-12 17:46:03,True,48.16199816666666,N,11.586238333333334,E,6.340,182.91,1618249563.0
2021-04-12 17:46:04,True,48.1619555,N,11.586251666666668,E,8.439,181.88,1618249564.0
2021-04-12 17:46:05,True,48.16191366666666,N,11.586248833333334,E,9.325,182.12,1618249565.0
2021-04-12 17:46:06,True,48.161861,N,11.586246166666667,E,11.288,182.72,1618249566.0
2021-04-12 17:46:07,True,48.161803,N,11.586249333333333,E,12.325,180.77,1618249567.0
2021-04-12 17:46:08,True,48.161738666666665,N,11.586245833333333,E,13.372,184.83,1618249568.0
2021-04-12 17:46:09,True,48.16167733333333,N,11.586220666666666,E,14.013,192.12,1618249569.0
2021-04-12 17:46:10,True,48.161610333333336,N,11.586205666666666,E,14.815,194.39,1618249570.0
2021-04-12 17:46:11,True,48.1615445,N,11.586186666666666,E,15.105,194.99,1618249571.0
2021-04-12 17:46:12,True,48.1614765,N,11.586174,E,15.506,193.17,1618249572.0
2021-04-12 17:46:13,True,48.161399333333335,N,11.5861685,E,16.520,189.53,1618249573.0
2021-04-12 17:46:14,True,48.16131716666667,N,11.586144333333333,E,17.237,194.02,1618249574.0
2021-04-12 17:46:15,True,48.1612355,N,11.586129166666666,E,17.140,192.96,1618249575.0
2021-04-12 17:46:16,True,48.16115716666667,N,11.586142333333333,E,16.405,185.70,1618249576.0
2021-04-12 17:46:17,True,48.16107683333333,N,11.586145166666666,E,16.551,184.24,1618249577.0
2021-04-12 17:46:18,True,48.160979,N,11.586107333333333,E,18.537,191.76,1618249578.0
2021-04-12 17:46:19,True,48.16087683333333,N,11.586084,E,19.714,192.07,1618249579.0
2021-04-12 17:46:20,True,48.16077633333333,N,11.586048,E,20.389,194.56,1618249580.0
2021-04-12 17:46:21,True,48.16068683333334,N,11.586005666666667,E,20.151,196.15,1618249581.0
2021-04-12 17:46:22,True,48.16058683333333,N,11.585983666666667,E,20.232,194.05,1618249582.0
2021-04-12 17:46:23,True,48.1604965,N,11.5859545,E,19.988,194.07,1618249583.0
2021-04-12 17:46:24,True,48.160411833333335,N,11.585919166666667,E,19.386,195.48,1618249584.0
2021-04-12 17:46:25,True,48.1603375,N,11.585883166666667,E,18.373,196.02,1618249585.0
2021-04-12 17:46:26,True,48.16027233333333,N,11.585852833333334,E,17.057,195.63,1618249586.0
2021-04-12 17:46:27,True,48.160217333333335,N,11.5858345,E,15.360,193.72,1618249587.0
2021-04-12 17:46:28,True,48.16017316666667,N,11.585814666666666,E,13.464,192.99,1618249588.0
2021-04-12 17:46:29,True,48.16013016666667,N,11.585800833333334,E,11.702,193.10,1618249589.0
2021-04-12 17:46:30,True,48.160097666666665,N,11.5857775,E,9.928,194.59,1618249590.0
2021-04-12 17:46:31,True,48.160077666666666,N,11.585784166666667,E,7.228,192.99,1618249591.0
2021-04-12 17:46:32,True,48.16006683333333,N,11.5857735,E,5.291,192.93,1618249592.0
2021-04-12 17:46:33,True,48.16005083333334,N,11.585773166666666,E,4.219,192.68,1618249593.0
2021-04-12 17:46:34,True,48.16004683333333,N,11.58577,E,2.867,191.33,1618249594.0
2021-04-12 17:46:35,True,48.160046666666666,N,11.585768833333333,E,1.661,,1618249595.0
2021-04-12 17:46:36,True,48.160041,N,11.585774166666667,E,0.975,,1618249596.0
2021-04-12 17:46:37,True,48.160042,N,11.585773833333333,E,0.371,,1618249597.0
2021-04-12 17:46:38,True,48.1600405,N,11.5857705,E,0.255,,1618249598.0
2021-04-12 17:46:39,True,48.1600325,N,11.585778333333334,E,0.259,,1618249599.0
2021-04-12 17:46:40,True,48.16003,N,11.585774666666667,E,0.330,,1618249600.0
2021-04-12 17:46:41,True,48.16002366666667,N,11.585777333333333,E,0.405,,1618249601.0
2021-04-12 17:46:42,True,48.16002133333333,N,11.585772,E,0.351,,1618249602.0
2021-04-12 17:46:43,True,48.16002116666667,N,11.585773,E,0.309,,1618249603.0
2021-04-12 17:46:44,True,48.160019,N,11.585775,E,0.163,,1618249604.0
2021-04-12 17:46:45,True,48.1600185,N,11.585776833333334,E,0.282,,1618249605.0
2021-04-12 17:46:46,True,48.160017,N,11.585777,E,0.125,,1618249606.0
2021-04-12 17:46:47,True,48.16001816666667,N,11.585777333333333,E,0.273,,1618249607.0
2021-04-12 17:46:48,True,48.16001033333333,N,11.585769,E,0.069,,1618249608.0
2021-04-12 17:46:49,True,48.159999,N,11.585756833333333,E,0.503,,1618249609.0
2021-04-12 17:46:50,True,48.15998733333333,N,11.585738666666666,E,1.076,,1618249610.0
2021-04-12 17:46:51,True,48.15997183333333,N,11.58572,E,1.961,,1618249611.0
2021-04-12 17:46:52,True,48.15993916666667,N,11.5857105,E,3.686,197.48,1618249612.0
2021-04-12 17:46:53,True,48.159914666666666,N,11.585703,E,4.264,198.45,1618249613.0
2021-04-12 17:46:54,True,48.159879,N,11.5856845,E,5.860,200.36,1618249614.0
2021-04-12 17:46:55,True,48.15982966666667,N,11.585677666666667,E,7.485,196.97,1618249615.0
2021-04-12 17:46:56,True,48.159776666666666,N,11.585659666666666,E,9.243,195.81,1618249616.0
2021-04-12 17:46:57,True,48.159709,N,11.585650833333334,E,11.282,193.39,1618249617.0
2021-04-12 17:46:58,True,48.1596455,N,11.5856385,E,11.862,192.27,1618249618.0
2021-04-12 17:46:59,True,48.1595835,N,11.585628666666667,E,12.002,191.31,1618249619.0
2021-04-12 17:47:00,True,48.15953183333333,N,11.585615,E,11.452,191.35,1618249620.0
2021-04-12 17:47:01,True,48.1594925,N,11.5856165,E,10.111,190.22,1618249621.0
2021-04-12 17:47:02,True,48.1594585,N,11.5855855,E,9.095,193.70,1618249622.0
2021-04-12 17:47:03,True,48.159427,N,11.585551666666667,E,7.207,198.59,1618249623.0
2021-04-12 17:47:04,True,48.159403,N,11.585534166666667,E,5.610,200.59,1618249624.0
2021-04-12 17:47:05,True,48.15938633333333,N,11.585500166666666,E,5.470,208.72,1618249625.0
2021-04-12 17:47:06,True,48.159356333333335,N,11.585465166666667,E,4.769,214.72,1618249626.0
2021-04-12 17:47:07,True,48.1593435,N,11.585435833333333,E,3.985,221.41,1618249627.0
2021-04-12 17:47:08,True,48.1593295,N,11.585391333333334,E,4.960,231.96,1618249628.0
2021-04-12 17:47:09,True,48.1593165,N,11.585350666666667,E,4.773,241.34,1618249629.0
2021-04-12 17:47:10,True,48.159312166666666,N,11.5852985,E,5.271,254.07,1618249630.0
2021-04-12 17:47:11,True,48.159308833333334,N,11.585237666666666,E,6.333,263.96,1618249631.0
2021-04-12 17:47:12,True,48.15930216666667,N,11.585191,E,6.083,267.86,1618249632.0
2021-04-12 17:47:13,True,48.159302333333336,N,11.585146833333333,E,5.702,272.12,1618249633.0
2021-04-12 17:47:14,True,48.159308833333334,N,11.5851085,E,5.113,275.56,1618249634.0
2021-04-12 17:47:15,True,48.15930633333333,N,11.585095833333334,E,2.786,275.71,1618249635.0
2021-04-12 17:47:16,True,48.159301666666664,N,11.585087,E,1.182,,1618249636.0
2021-04-12 17:47:17,True,48.159301166666665,N,11.585078166666667,E,0.586,,1618249637.0
2021-04-12 17:47:18,True,48.15930016666667,N,11.585072333333333,E,0.374,,1618249638.0
2021-04-12 17:47:19,True,48.1592975,N,11.585063333333334,E,0.528,,1618249639.0
2021-04-12 17:47:20,True,48.159304666666664,N,11.585059166666667,E,0.322,,1618249640.0
2021-04-12 17:47:21,True,48.159306666666666,N,11.585055333333333,E,0.352,,1618249641.0
2021-04-12 17:47:22,True,48.1593065,N,11.585052833333334,E,0.150,,1618249642.0
2021-04-12 17:47:23,True,48.159303,N,11.585050666666667,E,0.259,,1618249643.0
2021-04-12 17:47:24,True,48.15930566666667,N,11.585050333333333,E,0.053,,1618249644.0
2021-04-12 17:47:25,True,48.159303,N,11.585049333333334,E,0.299,,1618249645.0
2021-04-12 17:47:26,True,48.15930483333333,N,11.585048,E,0.201,,1618249646.0
2021-04-12 17:47:27,True,48.159306,N,11.585044166666666,E,0.227,,1618249647.0
2021-04-12 17:47:28,True,48.159308333333335,N,11.585041833333333,E,0.207,,1618249648.0
2021-04-12 17:47:29,True,48.159313833333336,N,11.585039,E,0.155,,1618249649.0
2021-04-12 17:47:30,True,48.1593175,N,11.5850355,E,0.166,,1618249650.0
2021-04-12 17:47:31,True,48.15931883333333,N,11.5850335,E,0.131,,1618249651.0
2021-04-12 17:47:32,True,48.159321166666665,N,11.585035,E,0.198,,1618249652.0
2021-04-12 17:47:33,True,48.159323,N,11.585037166666666,E,0.297,,1618249653.0
2021-04-12 17:47:34,True,48.15932216666667,N,11.585036666666667,E,0.227,,1618249654.0
2021-04-12 17:47:35,True,48.159327,N,11.585034166666667,E,0.088,,1618249655.0
2021-04-12 17:47:36,True,48.159336333333336,N,11.5850255,E,0.799,,1618249656.0
2021-04-12 17:47:37,True,48.159343166666666,N,11.5850015,E,1.923,,1618249657.0
2021-04-12 17:47:38,True,48.1593555,N,11.5849685,E,3.132,283.56,1618249658.0
2021-04-12 17:47:39,True,48.1593785,N,11.5849175,E,5.012,292.00,1618249659.0
2021-04-12 17:47:40,True,48.15939266666667,N,11.584851833333333,E,6.729,289.89,1618249660.0
2021-04-12 17:47:41,True,48.1594365,N,11.584794,E,8.071,299.48,1618249661.0
2021-04-12 17:47:42,True,48.159463,N,11.584737333333333,E,8.587,302.78,1618249662.0
2021-04-12 17:47:43,True,48.159495,N,11.584662666666667,E,9.881,302.91,1618249663.0
2021-04-12 17:47:44,True,48.159525333333335,N,11.5845845,E,10.829,301.69,1618249664.0
2021-04-12 17:47:45,True,48.15955866666667,N,11.584509166666667,E,11.352,301.70,1618249665.0
2021-04-12 17:47:46,True,48.159585166666666,N,11.5844135,E,12.027,299.10,1618249666.0
2021-04-12 17:47:47,True,48.15960366666667,N,11.5843145,E,12.543,295.15,1618249667.0
2021-04-12 17:47:48,True,48.159608666666664,N,11.584195833333334,E,13.709,288.55,1618249668.0
2021-04-12 17:47:49,True,48.15960833333333,N,11.584088166666668,E,13.863,283.05,1618249669.0
2021-04-12 17:47:50,True,48.15963133333333,N,11.583993833333333,E,13.582,283.54,1618249670.0
2021-04-12 17:47:51,True,48.159662,N,11.5839165,E,12.747,286.76,1618249671.0
2021-04-12 17:47:52,True,48.159684166666665,N,11.5838205,E,13.132,288.19,1618249672.0
2021-04-12 17:47:53,True,48.159700666666666,N,11.5837185,E,13.496,287.68,1618249673.0
2021-04-12 17:47:54,True,48.159714666666666,N,11.583621666666666,E,13.228,286.74,1618249674.0
2021-04-12 17:47:55,True,48.159729,N,11.5835195,E,13.379,285.57,1618249675.0
2021-04-12 17:47:56,True,48.159757166666665,N,11.583432333333333,E,13.045,287.03,1618249676.0
2021-04-12 17:47:57,True,48.15978533333333,N,11.583362166666667,E,12.287,289.97,1618249677.0
2021-04-12 17:47:58,True,48.159778333333335,N,11.583233333333334,E,13.533,286.03,1618249678.0
2021-04-12 17:47:59,True,48.15977083333333,N,11.583111333333333,E,14.404,280.53,1618249679.0
2021-04-12 17:48:00,True,48.15977483333333,N,11.583006,E,14.392,278.17,1618249680.0
2021-04-12 17:48:01,True,48.15979633333333,N,11.582897666666666,E,14.574,279.27,1618249681.0
2021-04-12 17:48:02,True,48.159809833333334,N,11.5827875,E,14.702,279.50,1618249682.0
2021-04-12 17:48:03,True,48.15980866666666,N,11.582675666666667,E,14.820,277.05,1618249683.0
2021-04-12 17:48:04,True,48.15983266666667,N,11.582571333333334,E,14.474,278.42,1618249684.0
2021-04-12 17:48:05,True,48.159844666666665,N,11.582466333333333,E,14.317,278.17,1618249685.0
2021-04-12 17:48:06,True,48.15984366666667,N,11.582359833333333,E,14.308,276.13,1618249686.0
2021-04-12 17:48:07,True,48.1598725,N,11.5822585,E,13.828,279.07,1618249687.0
2021-04-12 17:48:08,True,48.1599035,N,11.582162333333333,E,13.639,282.48,1618249688.0
2021-04-12 17:48:09,True,48.159927,N,11.582064666666666,E,13.625,283.78,1618249689.0
2021-04-12 17:48:10,True,48.159947,N,11.581962,E,13.929,284.40,1618249690.0
2021-04-12 17:48:11,True,48.15995983333333,N,11.581865166666667,E,13.653,283.37,1618249691.0
2021-04-12 17:48:12,True,48.159969333333336,N,11.581765166666667,E,13.450,282.09,1618249692.0
2021-04-12 17:48:13,True,48.15999733333334,N,11.581669333333334,E,13.388,283.57,1618249693.0
2021-04-12 17:48:14,True,48.1600175,N,11.581571666666667,E,13.463,283.94,1618249694.0
2021-04-12 17:48:15,True,48.16003716666667,N,11.581470166666668,E,13.688,284.04,1618249695.0
2021-04-12 17:48:16,True,48.160072666666665,N,11.581375666666666,E,13.752,286.69,1618249696.0
2021-04-12 17:48:17,True,48.160098833333336,N,11.581278833333334,E,13.727,288.04,1618249697.0
2021-04-12 17:48:18,True,48.16011666666667,N,11.581188666666666,E,13.150,287.74,1618249698.0
2021-04-12 17:48:19,True,48.160121333333336,N,11.581100166666667,E,12.509,285.10,1618249699.0
2021-04-12 17:48:20,True,48.160138833333335,N,11.581018666666667,E,12.036,284.63,1618249700.0
2021-04-12 17:48:21,True,48.16014666666667,N,11.580946666666666,E,10.880,284.55,1618249701.0
2021-04-12 17:48:22,True,48.16013933333333,N,11.580885,E,9.541,282.49,1618249702.0
2021-04-12 17:48:23,True,48.160141,N,11.5808375,E,7.916,281.85,1618249703.0
2021-04-12 17:48:24,True,48.160143166666664,N,11.580796166666667,E,6.535,282.30,1618249704.0
2021-04-12 17:48:25,True,48.1601405,N,11.580776666666667,E,4.172,283.09,1618249705.0
2021-04-12 17:48:26,True,48.160144333333335,N,11.580771,E,2.122,,1618249706.0
2021-04-12 17:48:27,True,48.160150333333334,N,11.580760666666666,E,1.895,302.22,1618249707.0
2021-04-12 17:48:28,True,48.16013983333333,N,11.580751333333334,E,1.124,,1618249708.0
2021-04-12 17:48:29,True,48.1601305,N,11.580740666666667,E,0.670,,1618249709.0
2021-04-12 17:48:30,True,48.160105,N,11.580729833333333,E,0.587,,1618249710.0
2021-04-12 17:48:31,True,48.1600965,N,11.580718666666666,E,0.372,,1618249711.0
2021-04-12 17:48:32,True,48.1600835,N,11.580706833333334,E,0.553,,1618249712.0
2021-04-12 17:48:33,True,48.16006516666667,N,11.580695333333333,E,1.121,,1618249713.0
2021-04-12 17:48:34,True,48.16005283333333,N,11.580685666666668,E,0.991,,1618249714.0
2021-04-12 17:48:35,True,48.16004683333333,N,11.580667,E,0.957,,1618249715.0
2021-04-12 17:48:36,True,48.16003383333333,N,11.5806575,E,1.136,,1618249716.0
2021-04-12 17:48:37,True,48.160023833333334,N,11.58065,E,1.199,,1618249717.0
2021-04-12 17:48:38,True,48.160022,N,11.580627,E,0.722,,1618249718.0
2021-04-12 17:48:39,True,48.1600255,N,11.5806035,E,0.198,,1618249719.0
2021-04-12 17:48:40,True,48.16001683333333,N,11.580584166666666,E,0.367,,1618249720.0
2021-04-12 17:48:41,True,48.160006,N,11.5805615,E,0.685,,1618249721.0
2021-04-12 17:48:42,True,48.159996166666666,N,11.580536833333333,E,0.865,,1618249722.0
2021-04-12 17:48:43,True,48.15999216666667,N,11.580517333333333,E,0.577,,1618249723.0
2021-04-12 17:48:44,True,48.15998833333333,N,11.580502166666667,E,0.359,,1618249724.0
2021-04-12 17:48:45,True,48.159989333333336,N,11.580488333333333,E,0.087,,1618249725.0
2021-04-12 17:48:46,True,48.15999566666667,N,11.580478666666666,E,0.081,,1618249726.0
2021-04-12 17:48:47,True,48.160002666666664,N,11.580466166666668,E,0.034,,1618249727.0
2021-04-12 17:48:48,True,48.16,N,11.580455,E,0.224,,1618249728.0
2021-04-12 17:48:49,True,48.16000433333333,N,11.580443833333334,E,0.322,,1618249729.0
2021-04-12 17:48:50,True,48.1600045,N,11.580435333333334,E,0.389,,1618249730.0
2021-04-12 17:48:51,True,48.1600035,N,11.580427833333333,E,0.305,,1618249731.0
2021-04-12 17:48:52,True,48.16000283333333,N,11.580420666666667,E,0.363,,1618249732.0
2021-04-12 17:48:53,True,48.1599995,N,11.580414833333334,E,0.820,,1618249733.0
2021-04-12 17:48:54,True,48.15999083333333,N,11.580391166666667,E,2.573,,1618249734.0
2021-04-12 17:48:55,True,48.15997383333333,N,11.580357833333334,E,4.271,259.79,1618249735.0
2021-04-12 17:48:56,True,48.1599645,N,11.5803145,E,5.634,252.96,1618249736.0
2021-04-12 17:48:57,True,48.159942,N,11.580276166666666,E,6.296,244.70,1618249737.0
2021-04-12 17:48:58,True,48.159917,N,11.580206833333333,E,8.976,243.30,1618249738.0
2021-04-12 17:48:59,True,48.159932,N,11.5801395,E,9.499,250.74,1618249739.0
2021-04-12 17:49:00,True,48.15994883333333,N,11.580069666666667,E,10.157,259.87,1618249740.0
2021-04-12 17:49:01,True,48.15996116666667,N,11.579987666666666,E,11.630,264.95,1618249741.0
2021-04-12 17:49:02,True,48.15995783333333,N,11.5798965,E,13.097,265.57,1618249742.0
2021-04-12 17:49:03,True,48.159966,N,11.5798075,E,12.979,267.99,1618249743.0
2021-04-12 17:49:04,True,48.1599715,N,11.579704,E,14.504,269.07,1618249744.0
2021-04-12 17:49:05,True,48.15996766666667,N,11.579603,E,14.743,268.09,1618249745.0
2021-04-12 17:49:06,True,48.15997866666667,N,11.579485,E,15.887,270.35,1618249746.0
2021-04-12 17:49:07,True,48.159990666666666,N,11.579358333333333,E,17.048,271.97,1618249747.0
2021-04-12 17:49:08,True,48.16000433333333,N,11.579225833333334,E,17.797,274.30,1618249748.0
2021-04-12 17:49:09,True,48.1600255,N,11.579097666666666,E,17.970,277.66,1618249749.0
2021-04-12 17:49:10,True,48.160027,N,11.578975666666667,E,17.614,275.35,1618249750.0
2021-04-12 17:49:11,True,48.160025,N,11.578859833333333,E,17.244,273.34,1618249751.0
2021-04-12 17:49:12,True,48.16002616666667,N,11.578747333333334,E,16.753,272.40,1618249752.0
2021-04-12 17:49:13,True,48.16006,N,11.578635833333333,E,16.563,278.47,1618249753.0
2021-04-12 17:49:14,True,48.160079333333336,N,11.5785205,E,16.692,279.61,1618249754.0
2021-04-12 17:49:15,True,48.16008733333334,N,11.578404333333333,E,16.728,277.81,1618249755.0
2021-04-12 17:49:16,True,48.160123666666664,N,11.578292166666667,E,16.401,283.88,1618249756.0
2021-04-12 17:49:17,True,48.160127833333334,N,11.578185,E,15.528,282.02,1618249757.0
2021-04-12 17:49:18,True,48.160137166666665,N,11.578090666666666,E,14.365,281.46,1618249758.0
2021-04-12 17:49:19,True,48.160174833333336,N,11.578026166666668,E,11.710,287.38,1618249759.0
2021-04-12 17:49:20,True,48.16018066666667,N,11.5779585,E,10.552,288.00,1618249760.0
2021-04-12 17:49:21,True,48.1601805,N,11.5778955,E,9.895,285.52,1618249761.0
2021-04-12 17:49:22,True,48.160177166666664,N,11.577824,E,10.119,280.82,1618249762.0
2021-04-12 17:49:23,True,48.16017816666667,N,11.577746666666666,E,10.868,277.56,1618249763.0
2021-04-12 17:49:24,True,48.16017816666667,N,11.577660333333334,E,11.720,274.36,1618249764.0
2021-04-12 17:49:25,True,48.160184666666666,N,11.577576333333333,E,11.713,273.71,1618249765.0
2021-04-12 17:49:26,True,48.16019133333333,N,11.577503666666667,E,10.475,276.08,1618249766.0
2021-04-12 17:49:27,True,48.160183,N,11.577438666666668,E,9.377,277.59,1618249767.0
2021-04-12 17:49:28,True,48.160188833333336,N,11.577392,E,7.648,280.23,1618249768.0
2021-04-12 17:49:29,True,48.16019383333333,N,11.577353666666667,E,6.201,281.64,1618249769.0
2021-04-12 17:49:30,True,48.16018733333333,N,11.577316,E,5.971,280.80,1618249770.0
2021-04-12 17:49:31,True,48.16018833333333,N,11.5772755,E,6.075,280.12,1618249771.0
2021-04-12 17:49:32,True,48.16018866666667,N,11.577225166666667,E,6.695,279.20,1618249772.0
2021-04-12 17:49:33,True,48.16019083333333,N,11.577161,E,8.256,278.60,1618249773.0
2021-04-12 17:49:34,True,48.16018666666667,N,11.577096166666667,E,9.179,273.91,1618249774.0
2021-04-12 17:49:35,True,48.16018233333333,N,11.577024666666667,E,10.149,270.11,1618249775.0
2021-04-12 17:49:36,True,48.1601855,N,11.576938166666666,E,11.842,269.67,1618249776.0
2021-04-12 17:49:37,True,48.16018,N,11.576838666666667,E,13.828,268.22,1618249777.0
2021-04-12 17:49:38,True,48.16017683333333,N,11.576734166666666,E,14.705,267.43,1618249778.0
2021-04-12 17:49:39,True,48.160186333333336,N,11.576629,E,14.801,269.38,1618249779.0
2021-04-12 17:49:40,True,48.16020916666667,N,11.576524666666666,E,14.801,274.34,1618249780.0
2021-04-12 17:49:41,True,48.160230166666665,N,11.576425833333333,E,14.618,278.56,1618249781.0
2021-04-12 17:49:42,True,48.160243333333334,N,11.576329166666667,E,14.397,279.85,1618249782.0
2021-04-12 17:49:43,True,48.16026,N,11.576242833333334,E,13.448,281.50,1618249783.0
2021-04-12 17:49:44,True,48.1602735,N,11.5761625,E,12.152,282.26,1618249784.0
2021-04-12 17:49:45,True,48.160294,N,11.576087333333334,E,11.237,284.21,1618249785.0
2021-04-12 17:49:46,True,48.160293,N,11.576021666666668,E,9.625,282.73,1618249786.0
2021-04-12 17:49:47,True,48.1602905,N,11.575963666666667,E,8.350,279.66,1618249787.0
2021-04-12 17:49:48,True,48.160298,N,11.575912666666667,E,7.403,278.69,1618249788.0
2021-04-12 17:49:49,True,48.16030266666667,N,11.575865666666667,E,6.511,278.38,1618249789.0
2021-04-12 17:49:50,True,48.1603115,N,11.575826666666666,E,5.853,279.65,1618249790.0
2021-04-12 17:49:51,True,48.16031483333333,N,11.575791166666667,E,4.937,279.00,1618249791.0
2021-04-12 17:49:52,True,48.16031916666667,N,11.575761333333332,E,4.228,279.14,1618249792.0
2021-04-12 17:49:53,True,48.160319666666666,N,11.575729,E,3.809,277.71,1618249793.0
2021-04-12 17:49:54,True,48.16032333333333,N,11.575703166666667,E,3.419,275.71,1618249794.0
2021-04-12 17:49:55,True,48.1603215,N,11.5756865,E,2.158,275.04,1618249795.0
2021-04-12 17:49:56,True,48.16032933333334,N,11.575676666666666,E,1.110,,1618249796.0
2021-04-12 17:49:57,True,48.16033216666667,N,11.575674666666666,E,0.180,,1618249797.0
2021-04-12 17:49:58,True,48.1603365,N,11.5756725,E,0.304,,1618249798.0
2021-04-12 17:49:59,True,48.16033916666667,N,11.575671166666666,E,0.302,,1618249799.0
2021-04-12 17:50:00,True,48.160344,N,11.575670666666667,E,0.394,,1618249800.0
2021-04-12 17:50:01,True,48.160349,N,11.575672,E,0.454,,1618249801.0
2021-04-12 17:50:02,True,48.160355333333335,N,11.575670666666667,E,0.311,,1618249802.0
2021-04-12 17:50:03,True,48.1603625,N,11.57567,E,0.442,,1618249803.0
2021-04-12 17:50:04,True,48.1603705,N,11.575667166666667,E,0.503,,1618249804.0
2021-04-12 17:50:05,True,48.160377,N,11.575663666666667,E,0.354,,1618249805.0
2021-04-12 17:50:06,True,48.16038416666667,N,11.57566,E,0.311,,1618249806.0
2021-04-12 17:50:07,True,48.16038966666667,N,11.575656833333333,E,0.386,,1618249807.0
2021-04-12 17:50:08,True,48.16039583333333,N,11.5756525,E,0.267,,1618249808.0
2021-04-12 17:50:09,True,48.160400833333334,N,11.575648,E,0.184,,1618249809.0
2021-04-12 17:50:10,True,48.16040383333333,N,11.5756435,E,0.213,,1618249810.0
2021-04-12 17:50:11,True,48.1604065,N,11.575638166666666,E,0.100,,1618249811.0
2021-04-12 17:50:12,True,48.16041233333333,N,11.575630666666667,E,0.139,,1618249812.0
2021-04-12 17:50:13,True,48.160414333333335,N,11.575612166666666,E,1.101,,1618249813.0
2021-04-12 17:50:14,True,48.16040916666667,N,11.575585833333333,E,2.186,270.85,1618249814.0
2021-04-12 17:50:15,True,48.16042083333333,N,11.575568666666667,E,2.370,282.36,1618249815.0
2021-04-12 17:50:16,True,48.160421666666664,N,11.575531833333333,E,4.183,276.63,1618249816.0
2021-04-12 17:50:17,True,48.160424,N,11.575492666666667,E,4.436,275.13,1618249817.0
2021-04-12 17:50:18,True,48.160409333333334,N,11.575439,E,5.310,264.61,1618249818.0
2021-04-12 17:50:19,True,48.16040866666667,N,11.575376166666667,E,6.841,269.47,1618249819.0
2021-04-12 17:50:20,True,48.160412666666666,N,11.575305166666666,E,8.172,275.01,1618249820.0
2021-04-12 17:50:21,True,48.1604195,N,11.575235,E,8.562,279.63,1618249821.0
2021-04-12 17:50:22,True,48.160418666666665,N,11.575176,E,8.044,282.57,1618249822.0
2021-04-12 17:50:23,True,48.16041666666667,N,11.575120833333333,E,7.411,284.03,1618249823.0
2021-04-12 17:50:24,True,48.160414833333334,N,11.5750595,E,7.138,281.96,1618249824.0
2021-04-12 17:50:25,True,48.16041216666667,N,11.574987,E,8.553,277.30,1618249825.0
2021-04-12 17:50:26,True,48.160404666666665,N,11.574909333333334,E,9.053,272.79,1618249826.0
2021-04-12 17:50:27,True,48.16039766666667,N,11.5748405,E,8.975,266.84,1618249827.0
2021-04-12 17:50:28,True,48.160393166666665,N,11.5747705,E,8.988,265.87,1618249828.0
2021-04-12 17:50:29,True,48.160398,N,11.574701,E,9.005,267.92,1618249829.0
2021-04-12 17:50:30,True,48.16039583333333,N,11.57463,E,8.953,267.70,1618249830.0
2021-04-12 17:50:31,True,48.160409666666666,N,11.57456,E,8.969,272.62,1618249831.0
2021-04-12 17:50:32,True,48.160433166666664,N,11.574484833333333,E,9.915,281.29,1618249832.0
2021-04-12 17:50:33,True,48.16042233333334,N,11.574409333333334,E,9.932,277.29,1618249833.0
2021-04-12 17:50:34,True,48.160422833333335,N,11.574325333333332,E,10.758,274.79,1618249834.0
2021-04-12 17:50:35,True,48.160431333333335,N,11.5742425,E,11.140,275.71,1618249835.0
2021-04-12 17:50:36,True,48.160440333333334,N,11.574163666666667,E,10.873,277.19,1618249836.0
2021-04-12 17:50:37,True,48.160462,N,11.5741025,E,9.251,281.64,1618249837.0
2021-04-12 17:50:38,True,48.1604735,N,11.574049166666667,E,7.793,284.52,1618249838.0
2021-04-12 17:50:39,True,48.160483,N,11.574006166666667,E,6.259,285.97,1618249839.0
2021-04-12 17:50:40,True,48.160489166666665,N,11.573977,E,4.010,289.08,1618249840.0
2021-04-12 17:50:41,True,48.16049,N,11.573965333333334,E,1.436,,1618249841.0
2021-04-12 17:50:42,True,48.1604875,N,11.573957833333333,E,0.616,,1618249842.0
2021-04-12 17:50:43,True,48.16048716666667,N,11.573952666666667,E,0.277,,1618249843.0
2021-04-12 17:50:44,True,48.16048966666666,N,11.573947333333333,E,0.331,,1618249844.0
2021-04-12 17:50:45,True,48.160494666666665,N,11.573943166666666,E,0.328,,1618249845.0
2021-04-12 17:50:46,True,48.16049966666667,N,11.573937166666667,E,0.248,,1618249846.0
2021-04-12 17:50:47,True,48.160506166666664,N,11.573932666666666,E,0.248,,1618249847.0
2021-04-12 17:50:48,True,48.160511,N,11.5739285,E,0.191,,1618249848.0
2021-04-12 17:50:49,True,48.1605175,N,11.573926833333333,E,0.479,,1618249849.0
2021-04-12 17:50:50,True,48.16052366666667,N,11.573925666666666,E,0.603,,1618249850.0
2021-04-12 17:50:51,True,48.160528666666664,N,11.573923166666667,E,0.517,,1618249851.0
2021-04-12 17:50:52,True,48.160532333333336,N,11.573921333333333,E,0.329,,1618249852.0
2021-04-12 17:50:53,True,48.1605365,N,11.573919833333333,E,0.346,,1618249853.0
2021-04-12 17:50:54,True,48.160539,N,11.573918,E,0.210,,1618249854.0
2021-04-12 17:50:55,True,48.160540166666664,N,11.573917333333334,E,0.208,,1618249855.0
2021-04-12 17:50:56,True,48.160541333333335,N,11.573916166666667,E,0.223,,1618249856.0
2021-04-12 17:50:57,True,48.16054283333333,N,11.573913666666666,E,0.172,,1618249857.0
2021-04-12 17:50:58,True,48.160544,N,11.5739115,E,0.139,,1618249858.0
2021-04-12 17:50:59,True,48.160543,N,11.573905166666666,E,0.097,,1618249859.0
2021-04-12 17:51:00,True,48.16054,N,11.573896833333333,E,0.115,,1618249860.0
2021-04-12 17:51:01,True,48.160536666666665,N,11.573888666666667,E,0.127,,1618249861.0
2021-04-12 17:51:02,True,48.16053466666666,N,11.573882166666667,E,0.125,,1618249862.0
2021-04-12 17:51:03,True,48.160529333333336,N,11.573874666666667,E,0.512,,1618249863.0
2021-04-12 17:51:04,True,48.16053016666667,N,11.573865666666666,E,0.749,,1618249864.0
2021-04-12 17:51:05,True,48.16052883333333,N,11.573846333333334,E,2.231,282.35,1618249865.0
2021-04-12 17:51:06,True,48.1605295,N,11.5738185,E,3.986,269.75,1618249866.0
2021-04-12 17:51:07,True,48.16052766666667,N,11.573773666666666,E,6.044,267.04,1618249867.0
2021-04-12 17:51:08,True,48.160524833333334,N,11.5737215,E,7.333,265.84,1618249868.0
2021-04-12 17:51:09,True,48.16051516666667,N,11.573663666666667,E,8.510,262.45,1618249869.0
2021-04-12 17:51:10,True,48.16051083333333,N,11.573602666666666,E,8.827,261.71,1618249870.0
2021-04-12 17:51:11,True,48.16051183333333,N,11.573514166666667,E,11.330,264.25,1618249871.0
2021-04-12 17:51:12,True,48.16051516666667,N,11.573411166666666,E,13.564,267.10,1618249872.0
2021-04-12 17:51:13,True,48.160531666666664,N,11.573295333333334,E,15.473,271.60,1618249873.0
2021-04-12 17:51:14,True,48.160551166666664,N,11.5731815,E,16.307,277.02,1618249874.0
2021-04-12 17:51:15,True,48.16054616666667,N,11.573056333333334,E,17.545,272.64,1618249875.0
2021-04-12 17:51:16,True,48.160537,N,11.572929333333333,E,18.329,269.37,1618249876.0
2021-04-12 17:51:17,True,48.160536,N,11.572795833333334,E,18.907,269.06,1618249877.0
2021-04-12 17:51:18,True,48.16053133333333,N,11.572659,E,19.387,268.85,1618249878.0
2021-04-12 17:51:19,True,48.16053216666667,N,11.572521166666666,E,19.592,269.73,1618249879.0
2021-04-12 17:51:20,True,48.160532833333335,N,11.5723775,E,20.177,270.02,1618249880.0
2021-04-12 17:51:21,True,48.16054,N,11.572231666666667,E,20.573,271.81,1618249881.0
2021-04-12 17:51:22,True,48.160545166666665,N,11.572080166666666,E,21.092,272.62,1618249882.0
2021-04-12 17:51:23,True,48.16055816666667,N,11.571926833333332,E,21.681,274.61,1618249883.0
2021-04-12 17:51:24,True,48.16058,N,11.571788166666666,E,20.225,278.88,1618249884.0
2021-04-12 17:51:25,True,48.16061083333334,N,11.571645166666666,E,20.891,282.66,1618249885.0
2021-04-12 17:51:26,True,48.160645,N,11.571504833333334,E,21.070,285.49,1618249886.0
2021-04-12 17:51:27,True,48.16067666666667,N,11.571354833333332,E,21.979,286.24,1618249887.0
2021-04-12 17:51:28,True,48.160713,N,11.571200833333334,E,22.760,287.76,1618249888.0
2021-04-12 17:51:29,True,48.1607515,N,11.571049,E,23.038,288.93,1618249889.0
2021-04-12 17:51:30,True,48.16078133333333,N,11.570890166666667,E,23.307,287.53,1618249890.0
2021-04-12 17:51:31,True,48.16081033333333,N,11.570733833333334,E,23.395,286.62,1618249891.0
2021-04-12 17:51:32,True,48.16084633333333,N,11.570570166666666,E,23.993,288.01,1618249892.0
2021-04-12 17:51:33,True,48.160877666666664,N,11.570412333333334,E,23.641,287.71,1618249893.0
2021-04-12 17:51:34,True,48.16091216666667,N,11.570252166666666,E,23.863,288.24,1618249894.0
2021-04-12 17:51:35,True,48.16094316666667,N,11.570092166666667,E,23.808,287.60,1618249895.0
2021-04-12 17:51:36,True,48.16097466666667,N,11.569941333333333,E,23.117,288.07,1618249896.0
2021-04-12 17:51:37,True,48.161007166666664,N,11.569797,E,22.271,288.59,1618249897.0
2021-04-12 17:51:38,True,48.161032166666665,N,11.5696515,E,21.547,287.04,1618249898.0
2021-04-12 17:51:39,True,48.16106716666667,N,11.569534333333333,E,19.422,289.48,1618249899.0
2021-04-12 17:51:40,True,48.16109216666667,N,11.5694215,E,17.327,289.76,1618249900.0
2021-04-12 17:51:41,True,48.16111316666667,N,11.569315666666666,E,16.091,288.69,1618249901.0
2021-04-12 17:51:42,True,48.16113283333333,N,11.569226333333333,E,14.085,288.98,1618249902.0
2021-04-12 17:51:43,True,48.161154333333336,N,11.569160166666666,E,11.289,291.27,1618249903.0
2021-04-12 17:51:44,True,48.1611575,N,11.569096,E,9.358,290.30,1618249904.0
2021-04-12 17:51:45,True,48.1611625,N,11.5690495,E,6.976,290.85,1618249905.0
2021-04-12 17:51:46,True,48.16116866666667,N,11.5690175,E,4.622,292.83,1618249906.0
2021-04-12 17:51:47,True,48.1611675,N,11.569006,E,1.680,294.57,1618249907.0
2021-04-12 17:51:48,True,48.16117633333333,N,11.5690025,E,0.931,,1618249908.0
2021-04-12 17:51:49,True,48.1611805,N,11.569,E,0.721,,1618249909.0
2021-04-12 17:51:50,True,48.1611865,N,11.568989333333333,E,1.064,,1618249910.0
2021-04-12 17:51:51,True,48.161192166666666,N,11.568968666666667,E,2.300,283.20,1618249911.0
2021-04-12 17:51:52,True,48.161199,N,11.568939833333333,E,3.834,273.10,1618249912.0
2021-04-12 17:51:53,True,48.161201166666665,N,11.5688995,E,5.433,266.31,1618249913.0
2021-04-12 17:51:54,True,48.161206,N,11.568843833333334,E,7.276,268.08,1618249914.0
2021-04-12 17:51:55,True,48.161202333333335,N,11.568775833333333,E,9.028,267.75,1618249915.0
2021-04-12 17:51:56,True,48.16119716666667,N,11.568703166666667,E,10.103,266.05,1618249916.0
2021-04-12 17:51:57,True,48.1611985,N,11.568627666666666,E,10.657,267.22,1618249917.0
2021-04-12 17:51:58,True,48.161201166666665,N,11.568552833333333,E,10.722,268.40,1618249918.0
2021-04-12 17:51:59,True,48.16121116666667,N,11.568480666666666,E,10.354,271.67,1618249919.0
2021-04-12 17:52:00,True,48.1612015,N,11.568411666666666,E,9.830,269.15,1618249920.0
2021-04-12 17:52:01,True,48.161191,N,11.568348666666667,E,9.197,265.41,1618249921.0
2021-04-12 17:52:02,True,48.161198166666665,N,11.568291666666667,E,8.036,266.40,1618249922.0
2021-04-12 17:52:03,True,48.161193,N,11.5682435,E,7.146,265.75,1618249923.0
2021-04-12 17:52:04,True,48.161180333333334,N,11.5682045,E,5.866,261.48,1618249924.0
2021-04-12 17:52:05,True,48.161179,N,11.568178666666666,E,3.538,259.71,1618249925.0
2021-04-12 17:52:06,True,48.161179,N,11.568172833333334,E,0.761,,1618249926.0
2021-04-12 17:52:07,True,48.16118316666667,N,11.568169833333334,E,0.154,,1618249927.0
2021-04-12 17:52:08,True,48.16118866666667,N,11.568165,E,0.150,,1618249928.0
2021-04-12 17:52:09,True,48.1611955,N,11.568162,E,0.251,,1618249929.0
2021-04-12 17:52:10,True,48.161202333333335,N,11.5681575,E,0.144,,1618249930.0
2021-04-12 17:52:11,True,48.16120983333333,N,11.568153333333333,E,0.145,,1618249931.0
2021-04-12 17:52:12,True,48.161215166666665,N,11.568149833333333,E,0.206,,1618249932.0
2021-04-12 17:52:13,True,48.1612225,N,11.5681455,E,0.226,,1618249933.0
2021-04-12 17:52:14,True,48.16122683333333,N,11.568143166666667,E,0.107,,1618249934.0
2021-04-12 17:52:15,True,48.16122983333333,N,11.568142833333333,E,0.140,,1618249935.0
2021-04-12 17:52:16,True,48.16123483333333,N,11.568141333333333,E,0.146,,1618249936.0
2021-04-12 17:52:17,True,48.1612375,N,11.568140833333333,E,0.318,,1618249937.0
2021-04-12 17:52:18,True,48.16123983333333,N,11.5681395,E,0.348,,1618249938.0
2021-04-12 17:52:19,True,48.16124766666667,N,11.568136666666666,E,0.235,,1618249939.0
2021-04-12 17:52:20,True,48.161252166666664,N,11.5681375,E,0.316,,1618249940.0
2021-04-12 17:52:21,True,48.16125666666667,N,11.568139666666667,E,0.334,,1618249941.0
2021-04-12 17:52:22,True,48.161261,N,11.568141666666667,E,0.332,,1618249942.0
2021-04-12 17:52:23,True,48.1612635,N,11.568143666666666,E,0.165,,1618249943.0
2021-04-12 17:52:24,True,48.1612665,N,11.568145833333332,E,0.191,,1618249944.0
2021-04-12 17:52:25,True,48.16126466666667,N,11.568147833333333,E,0.237,,1618249945.0
2021-04-12 17:52:26,True,48.161266166666664,N,11.568148666666668,E,0.146,,1618249946.0
2021-04-12 17:52:27,True,48.16127066666667,N,11.568149833333333,E,0.171,,1618249947.0
2021-04-12 17:52:28,True,48.1612755,N,11.568150333333334,E,0.187,,1618249948.0
2021-04-12 17:52:29,True,48.161279,N,11.5681515,E,0.120,,1618249949.0
2021-04-12 17:52:30,True,48.161281833333334,N,11.5681525,E,0.111,,1618249950.0
2021-04-12 17:52:31,True,48.16128916666667,N,11.568146333333333,E,1.040,,1618249951.0
2021-04-12 17:52:32,True,48.161288666666664,N,11.56813,E,2.499,,1618249952.0
2021-04-12 17:52:33,True,48.1612785,N,11.568099666666667,E,4.615,261.19,1618249953.0
2021-04-12 17:52:34,True,48.16127266666667,N,11.5680565,E,6.291,262.07,1618249954.0
2021-04-12 17:52:35,True,48.1612685,N,11.568001833333334,E,8.030,263.03,1618249955.0
2021-04-12 17:52:36,True,48.16125433333333,N,11.567931333333334,E,9.979,261.07,1618249956.0
2021-04-12 17:52:37,True,48.16124766666667,N,11.567845166666666,E,11.932,260.21,1618249957.0
2021-04-12 17:52:38,True,48.1612425,N,11.567749,E,13.473,260.86,1618249958.0
2021-04-12 17:52:39,True,48.16123283333334,N,11.567647166666667,E,14.789,261.74,1618249959.0
2021-04-12 17:52:40,True,48.161228,N,11.567534166666666,E,16.075,262.78,1618249960.0
2021-04-12 17:52:41,True,48.16123116666667,N,11.567408666666667,E,17.312,265.98,1618249961.0
2021-04-12 17:52:42,True,48.161214333333334,N,11.5672865,E,17.875,262.86,1618249962.0
2021-04-12 17:52:43,True,48.161203666666665,N,11.5671575,E,18.584,263.02,1618249963.0
2021-04-12 17:52:44,True,48.16118766666666,N,11.567024166666666,E,19.253,263.91,1618249964.0
2021-04-12 17:52:45,True,48.16117583333333,N,11.566886666666667,E,19.971,264.36,1618249965.0
2021-04-12 17:52:46,True,48.16114683333333,N,11.566750166666667,E,20.497,263.05,1618249966.0
2021-04-12 17:52:47,True,48.16113166666667,N,11.566606,E,21.101,262.68,1618249967.0
2021-04-12 17:52:48,True,48.16111733333334,N,11.566456333333333,E,21.889,262.26,1618249968.0
2021-04-12 17:52:49,True,48.16109866666667,N,11.566303833333333,E,22.191,261.31,1618249969.0
2021-04-12 17:52:50,True,48.16108283333333,N,11.566146166666666,E,22.833,261.49,1618249970.0
2021-04-12 17:52:51,True,48.16106716666667,N,11.565986166666667,E,23.184,261.61,1618249971.0
2021-04-12 17:52:52,True,48.16105233333333,N,11.565828,E,23.142,261.67,1618249972.0
2021-04-12 17:52:53,True,48.1610435,N,11.565667666666666,E,23.124,263.29,1618249973.0
2021-04-12 17:52:54,True,48.161038166666664,N,11.565506166666667,E,23.222,264.66,1618249974.0
2021-04-12 17:52:55,True,48.16101033333333,N,11.565343166666667,E,23.829,262.22,1618249975.0
2021-04-12 17:52:56,True,48.16100466666666,N,11.565181166666667,E,23.929,265.02,1618249976.0
2021-04-12 17:52:57,True,48.16097,N,11.565019666666666,E,23.879,261.30,1618249977.0
2021-04-12 17:52:58,True,48.16096966666667,N,11.564855333333334,E,23.630,265.19,1618249978.0
2021-04-12 17:52:59,True,48.160967,N,11.5646945,E,23.194,266.88,1618249979.0
2021-04-12 17:53:00,True,48.160966,N,11.564540333333333,E,22.542,268.60,1618249980.0
2021-04-12 17:53:01,True,48.16096183333333,N,11.564391,E,21.816,268.05,1618249981.0
2021-04-12 17:53:02,True,48.16095933333333,N,11.564246333333333,E,21.064,268.39,1618249982.0
2021-04-12 17:53:03,True,48.160955666666666,N,11.5641075,E,20.440,268.40,1618249983.0
2021-04-12 17:53:04,True,48.160953,N,11.563970166666667,E,20.073,269.27,1618249984.0
2021-04-12 17:53:05,True,48.1609485,N,11.563834,E,19.787,269.66,1618249985.0
2021-04-12 17:53:06,True,48.16095466666667,N,11.5637,E,19.647,272.97,1618249986.0
2021-04-12 17:53:07,True,48.1609755,N,11.563575833333333,E,18.991,278.48,1618249987.0
2021-04-12 17:53:08,True,48.16098916666667,N,11.5634515,E,18.504,278.71,1618249988.0
2021-04-12 17:53:09,True,48.16099533333333,N,11.563333,E,17.540,279.41,1618249989.0
2021-04-12 17:53:10,True,48.161000666666666,N,11.5632225,E,16.335,280.43,1618249990.0
2021-04-12 17:53:11,True,48.161012,N,11.5631355,E,13.829,279.77,1618249991.0
2021-04-12 17:53:12,True,48.1610225,N,11.563063166666666,E,11.522,280.35,1618249992.0
2021-04-12 17:53:13,True,48.161029,N,11.563003166666666,E,9.359,280.01,1618249993.0
2021-04-12 17:53:14,True,48.161036833333334,N,11.562950666666667,E,7.759,280.60,1618249994.0
2021-04-12 17:53:15,True,48.1610495,N,11.562913833333333,E,5.795,282.57,1618249995.0
2021-04-12 17:53:16,True,48.161058833333335,N,11.562887166666666,E,4.228,285.72,1618249996.0
2021-04-12 17:53:17,True,48.161060666666664,N,11.5628735,E,2.056,288.86,1618249997.0
2021-04-12 17:53:18,True,48.1610585,N,11.5628705,E,0.484,,1618249998.0
2021-04-12 17:53:19,True,48.16105816666666,N,11.562866333333334,E,0.413,,1618249999.0
2021-04-12 17:53:20,True,48.161053,N,11.562862333333333,E,0.013,,1618250000.0
2021-04-12 17:53:21,True,48.16105566666667,N,11.562861,E,0.307,,1618250001.0
2021-04-12 17:53:22,True,48.1610605,N,11.562862666666666,E,0.380,,1618250002.0
2021-04-12 17:53:23,True,48.161063666666664,N,11.562862666666666,E,0.322,,1618250003.0
2021-04-12 17:53:24,True,48.161065666666666,N,11.562863833333333,E,0.335,,1618250004.0
2021-04-12 17:53:25,True,48.1610615,N,11.562859333333334,E,0.168,,1618250005.0
2021-04-12 17:53:26,True,48.1610545,N,11.562854166666666,E,0.092,,1618250006.0
2021-04-12 17:53:27,True,48.1610485,N,11.562850666666666,E,0.100,,1618250007.0
2021-04-12 17:53:28,True,48.16104133333333,N,11.562844666666667,E,0.135,,1618250008.0
2021-04-12 17:53:29,True,48.1610375,N,11.5628395,E,0.025,,1618250009.0
2021-04-12 17:53:30,True,48.16103316666667,N,11.562835666666667,E,0.086,,1618250010.0
2021-04-12 17:53:31,True,48.16102883333333,N,11.562832833333333,E,0.150,,1618250011.0
2021-04-12 17:53:32,True,48.16102466666667,N,11.562829,E,0.079,,1618250012.0
2021-04-12 17:53:33,True,48.161022333333335,N,11.562827166666667,E,0.194,,1618250013.0
2021-04-12 17:53:34,True,48.161017666666666,N,11.5628265,E,0.065,,1618250014.0
2021-04-12 17:53:35,True,48.16101466666667,N,11.5628245,E,0.260,,1618250015.0
2021-04-12 17:53:36,True,48.161011333333335,N,11.562822166666667,E,0.203,,1618250016.0
2021-04-12 17:53:37,True,48.161008333333335,N,11.562821,E,0.161,,1618250017.0
2021-04-12 17:53:38,True,48.161009166666666,N,11.5628195,E,0.085,,1618250018.0
2021-04-12 17:53:39,True,48.161006,N,11.5628155,E,0.433,,1618250019.0
2021-04-12 17:53:40,True,48.16100766666667,N,11.562809166666666,E,0.647,,1618250020.0
2021-04-12 17:53:41,True,48.161005333333335,N,11.562793166666667,E,1.572,,1618250021.0
2021-04-12 17:53:42,True,48.16100766666667,N,11.562762666666666,E,3.424,276.67,1618250022.0
2021-04-12 17:53:43,True,48.16100766666667,N,11.562727833333334,E,4.962,268.24,1618250023.0
2021-04-12 17:53:44,True,48.1610165,N,11.562681333333334,E,6.379,272.00,1618250024.0
2021-04-12 17:53:45,True,48.161018166666665,N,11.562638166666666,E,6.119,275.01,1618250025.0
2021-04-12 17:53:46,True,48.161018166666665,N,11.562605666666666,E,4.919,277.34,1618250026.0
2021-04-12 17:53:47,True,48.1610125,N,11.562573,E,4.627,281.16,1618250027.0
2021-04-12 17:53:48,True,48.16101316666666,N,11.562555333333334,E,3.098,281.27,1618250028.0
2021-04-12 17:53:49,True,48.16101166666667,N,11.5625365,E,2.360,283.14,1618250029.0
2021-04-12 17:53:50,True,48.1610135,N,11.562527,E,1.207,285.21,1618250030.0
2021-04-12 17:53:51,True,48.16101283333333,N,11.562514166666666,E,1.385,288.13,1618250031.0
2021-04-12 17:53:52,True,48.16101316666666,N,11.562488833333333,E,3.062,283.02,1618250032.0
2021-04-12 17:53:53,True,48.16101483333333,N,11.562458333333334,E,4.335,284.07,1618250033.0
2021-04-12 17:53:54,True,48.161016833333335,N,11.562412166666666,E,6.180,283.60,1618250034.0
2021-04-12 17:53:55,True,48.16101966666667,N,11.5623535,E,7.837,282.13,1618250035.0
2021-04-12 17:53:56,True,48.161024833333336,N,11.562287166666666,E,9.173,281.32,1618250036.0
2021-04-12 17:53:57,True,48.16103283333333,N,11.562214833333334,E,10.120,280.69,1618250037.0
2021-04-12 17:53:58,True,48.1610425,N,11.5621355,E,11.120,281.76,1618250038.0
2021-04-12 17:53:59,True,48.161048,N,11.5620595,E,10.916,279.31,1618250039.0
2021-04-12 17:54:00,True,48.161060166666665,N,11.5619755,E,12.080,279.93,1618250040.0
2021-04-12 17:54:01,True,48.161078833333335,N,11.5618815,E,13.517,283.91,1618250041.0
2021-04-12 17:54:02,True,48.161100833333336,N,11.561782333333333,E,14.878,286.12,1618250042.0
2021-04-12 17:54:03,True,48.1611215,N,11.561680833333334,E,15.637,286.24,1618250043.0
2021-04-12 17:54:04,True,48.161149,N,11.561575333333334,E,16.134,288.46,1618250044.0
2021-04-12 17:54:05,True,48.1611645,N,11.561455666666667,E,17.191,284.26,1618250045.0
2021-04-12 17:54:06,True,48.1611785,N,11.561330833333333,E,18.004,281.94,1618250046.0
2021-04-12 17:54:07,True,48.1611895,N,11.561202833333333,E,18.725,279.08,1618250047.0
2021-04-12 17:54:08,True,48.16119916666667,N,11.561071,E,19.292,277.42,1618250048.0
2021-04-12 17:54:09,True,48.16121,N,11.560934166666666,E,19.856,277.32,1618250049.0
2021-04-12 17:54:10,True,48.161220666666665,N,11.560794,E,20.442,276.72,1618250050.0
2021-04-12 17:54:11,True,48.1612215,N,11.56065,E,20.369,273.43,1618250051.0
2021-04-12 17:54:12,True,48.16123066666667,N,11.56051,E,20.476,274.81,1618250052.0
2021-04-12 17:54:13,True,48.16123833333333,N,11.560366666666667,E,20.684,275.27,1618250053.0
2021-04-12 17:54:14,True,48.16124716666667,N,11.560222166666666,E,20.972,275.26,1618250054.0
2021-04-12 17:54:15,True,48.16125566666667,N,11.560078,E,20.784,275.68,1618250055.0
2021-04-12 17:54:16,True,48.16126216666667,N,11.559935666666666,E,20.420,275.43,1618250056.0
2021-04-12 17:54:17,True,48.1612705,N,11.559794666666667,E,20.230,275.46,1618250057.0
2021-04-12 17:54:18,True,48.16127766666666,N,11.559656666666667,E,19.708,276.04,1618250058.0
2021-04-12 17:54:19,True,48.161285,N,11.559523166666667,E,19.239,275.82,1618250059.0
2021-04-12 17:54:20,True,48.16129466666667,N,11.559396666666666,E,18.537,275.88,1618250060.0
2021-04-12 17:54:21,True,48.16130533333333,N,11.559276333333333,E,17.686,276.71,1618250061.0
2021-04-12 17:54:22,True,48.161313,N,11.559158166666666,E,16.965,276.74,1618250062.0
2021-04-12 17:54:23,True,48.16132116666667,N,11.559043833333334,E,16.496,276.46,1618250063.0
2021-04-12 17:54:24,True,48.16132833333333,N,11.558926833333333,E,16.793,275.84,1618250064.0
2021-04-12 17:54:25,True,48.16133283333333,N,11.558804166666667,E,17.148,275.79,1618250065.0
2021-04-12 17:54:26,True,48.161340833333334,N,11.5586835,E,17.403,275.47,1618250066.0
2021-04-12 17:54:27,True,48.16134816666667,N,11.558560333333334,E,17.807,275.31,1618250067.0
2021-04-12 17:54:28,True,48.16136083333333,N,11.558443833333333,E,17.287,276.67,1618250068.0
2021-04-12 17:54:29,True,48.16136783333334,N,11.558326666666666,E,16.772,275.62,1618250069.0
2021-04-12 17:54:30,True,48.161372,N,11.558213666666667,E,15.841,275.96,1618250070.0
2021-04-12 17:54:31,True,48.1613785,N,11.5581075,E,14.632,278.14,1618250071.0
2021-04-12 17:54:32,True,48.161385833333334,N,11.558011333333333,E,13.662,276.59,1618250072.0
2021-04-12 17:54:33,True,48.16139283333333,N,11.557925,E,12.036,277.39,1618250073.0
2021-04-12 17:54:34,True,48.16140083333333,N,11.557854666666667,E,9.789,277.81,1618250074.0
2021-04-12 17:54:35,True,48.161410333333336,N,11.557802,E,7.640,279.48,1618250075.0
2021-04-12 17:54:36,True,48.161415833333336,N,11.557763,E,4.954,281.62,1618250076.0
2021-04-12 17:54:37,True,48.161419,N,11.557749333333334,E,1.429,288.46,1618250077.0
2021-04-12 17:54:38,True,48.161420666666665,N,11.557747333333333,E,0.654,321.18,1618250078.0
2021-04-12 17:54:39,True,48.16142166666667,N,11.557747166666667,E,0.420,,1618250079.0
2021-04-12 17:54:40,True,48.16142283333333,N,11.557748,E,0.401,,1618250080.0
2021-04-12 17:54:41,True,48.16142333333333,N,11.557748333333333,E,0.243,,1618250081.0
2021-04-12 17:54:42,True,48.161424,N,11.5577475,E,0.275,,1618250082.0
2021-04-12 17:54:43,True,48.161425,N,11.5577475,E,0.234,,1618250083.0
2021-04-12 17:54:44,True,48.161425666666666,N,11.5577475,E,0.218,,1618250084.0
2021-04-12 17:54:45,True,48.161426666666664,N,11.557747333333333,E,0.211,,1618250085.0
2021-04-12 17:54:46,True,48.16142766666667,N,11.557747833333334,E,0.098,,1618250086.0
2021-04-12 17:54:47,True,48.1614295,N,11.557747333333333,E,0.142,,1618250087.0
2021-04-12 17:54:48,True,48.161430833333334,N,11.557748,E,0.160,,1618250088.0
2021-04-12 17:54:49,True,48.16143266666667,N,11.557748833333333,E,0.192,,1618250089.0
2021-04-12 17:54:50,True,48.161435,N,11.55775,E,0.188,,1618250090.0
2021-04-12 17:54:51,True,48.16143483333333,N,11.557749333333334,E,0.074,,1618250091.0
2021-04-12 17:54:52,True,48.16143533333333,N,11.5577495,E,0.105,,1618250092.0
2021-04-12 17:54:53,True,48.16143566666667,N,11.55775,E,0.118,,1618250093.0
2021-04-12 17:54:54,True,48.161435,N,11.557750166666667,E,0.031,,1618250094.0
2021-04-12 17:54:55,True,48.1614365,N,11.5577455,E,0.941,,1618250095.0
2021-04-12 17:54:56,True,48.16143816666667,N,11.55773,E,2.602,290.81,1618250096.0
2021-04-12 17:54:57,True,48.161440166666665,N,11.557701666666667,E,4.250,278.38,1618250097.0
2021-04-12 17:54:58,True,48.161440666666664,N,11.557667833333333,E,5.408,272.73,1618250098.0
2021-04-12 17:54:59,True,48.161443,N,11.557617166666667,E,7.590,271.86,1618250099.0
2021-04-12 17:55:00,True,48.1614485,N,11.557545166666667,E,10.151,272.69,1618250100.0
2021-04-12 17:55:01,True,48.16145483333333,N,11.557464166666668,E,11.759,273.69,1618250101.0
2021-04-12 17:55:02,True,48.161454666666664,N,11.557369833333333,E,13.509,272.52,1618250102.0
2021-04-12 17:55:03,True,48.161456,N,11.5572715,E,14.274,271.87,1618250103.0
2021-04-12 17:55:04,True,48.161459,N,11.557167833333333,E,15.193,272.01,1618250104.0
2021-04-12 17:55:05,True,48.161463833333336,N,11.5570625,E,15.410,272.70,1618250105.0
2021-04-12 17:55:06,True,48.16146833333333,N,11.556955166666667,E,15.446,273.69,1618250106.0
2021-04-12 17:55:07,True,48.16147183333333,N,11.556845666666666,E,15.800,273.84,1618250107.0
2021-04-12 17:55:08,True,48.16147516666667,N,11.556735166666666,E,16.023,272.07,1618250108.0
2021-04-12 17:55:09,True,48.16146616666666,N,11.556618333333333,E,16.931,266.19,1618250109.0
2021-04-12 17:55:10,True,48.161463833333336,N,11.556496166666667,E,17.536,267.22,1618250110.0
2021-04-12 17:55:11,True,48.16146616666666,N,11.556367166666666,E,18.721,270.00,1618250111.0
2021-04-12 17:55:12,True,48.161465666666665,N,11.556229833333333,E,19.852,270.58,1618250112.0
2021-04-12 17:55:13,True,48.161467333333334,N,11.556087833333333,E,20.566,270.91,1618250113.0
2021-04-12 17:55:14,True,48.16147216666667,N,11.5559455,E,20.979,271.62,1618250114.0
2021-04-12 17:55:15,True,48.161470666666666,N,11.555798833333334,E,20.947,271.01,1618250115.0
2021-04-12 17:55:16,True,48.16147,N,11.555656166666667,E,20.537,270.85,1618250116.0
2021-04-12 17:55:17,True,48.16147083333333,N,11.5555155,E,20.228,271.03,1618250117.0
2021-04-12 17:55:18,True,48.161470666666666,N,11.555379666666667,E,19.475,270.91,1618250118.0
2021-04-12 17:55:19,True,48.161471,N,11.5552475,E,18.915,271.10,1618250119.0
2021-04-12 17:55:20,True,48.161470333333334,N,11.555116,E,18.817,271.20,1618250120.0
2021-04-12 17:55:21,True,48.161471166666665,N,11.554983833333333,E,19.089,271.04,1618250121.0
2021-04-12 17:55:22,True,48.161472833333335,N,11.554850833333333,E,19.029,270.88,1618250122.0
2021-04-12 17:55:23,True,48.16147,N,11.554719666666667,E,18.586,270.18,1618250123.0
2021-04-12 17:55:24,True,48.16146833333333,N,11.554592166666668,E,18.171,269.91,1618250124.0
2021-04-12 17:55:25,True,48.16146916666667,N,11.554468,E,17.787,270.29,1618250125.0
2021-04-12 17:55:26,True,48.16146966666667,N,11.554351333333333,E,16.765,270.42,1618250126.0
2021-04-12 17:55:27,True,48.161468166666666,N,11.554245833333333,E,15.002,270.03,1618250127.0
2021-04-12 17:55:28,True,48.16145916666667,N,11.554151,E,13.289,266.48,1618250128.0
2021-04-12 17:55:29,True,48.161460166666664,N,11.554067833333333,E,11.611,268.27,1618250129.0
2021-04-12 17:55:30,True,48.16146116666667,N,11.553994,E,10.184,269.90,1618250130.0
2021-04-12 17:55:31,True,48.1614625,N,11.553936833333333,E,7.920,271.06,1618250131.0
2021-04-12 17:55:32,True,48.16146616666666,N,11.553901,E,5.087,272.29,1618250132.0
2021-04-12 17:55:33,True,48.161466833333336,N,11.553883833333334,E,1.739,272.01,1618250133.0
2021-04-12 17:55:34,True,48.161468166666666,N,11.5538795,E,0.133,,1618250134.0
2021-04-12 17:55:35,True,48.16146783333333,N,11.553876166666667,E,0.240,,1618250135.0
2021-04-12 17:55:36,True,48.16146783333333,N,11.553873166666667,E,0.160,,1618250136.0
2021-04-12 17:55:37,True,48.16146916666667,N,11.553870666666667,E,0.195,,1618250137.0
2021-04-12 17:55:38,True,48.16146916666667,N,11.553868333333334,E,0.093,,1618250138.0
2021-04-12 17:55:39,True,48.16146916666667,N,11.553866666666666,E,0.034,,1618250139.0
2021-04-12 17:55:40,True,48.1614695,N,11.553865333333333,E,0.084,,1618250140.0
2021-04-12 17:55:41,True,48.16146916666667,N,11.553863666666667,E,0.031,,1618250141.0
2021-04-12 17:55:42,True,48.1614655,N,11.553860833333333,E,0.025,,1618250142.0
2021-04-12 17:55:43,True,48.16146833333333,N,11.553860666666667,E,0.034,,1618250143.0
2021-04-12 17:55:44,True,48.161468666666664,N,11.553858666666667,E,0.075,,1618250144.0
2021-04-12 17:55:45,True,48.161471166666665,N,11.553857333333333,E,0.051,,1618250145.0
2021-04-12 17:55:46,True,48.16147216666667,N,11.553855666666667,E,0.001,,1618250146.0
2021-04-12 17:55:47,True,48.161474,N,11.553853833333333,E,0.049,,1618250147.0
2021-04-12 17:55:48,True,48.16147483333334,N,11.553853,E,0.113,,1618250148.0
2021-04-12 17:55:49,True,48.16147466666666,N,11.553851833333333,E,0.038,,1618250149.0
2021-04-12 17:55:50,True,48.16147483333334,N,11.553849833333333,E,0.074,,1618250150.0
2021-04-12 17:55:51,True,48.161475,N,11.553848,E,0.076,,1618250151.0
2021-04-12 17:55:52,True,48.16147516666667,N,11.553845666666666,E,0.018,,1618250152.0
2021-04-12 17:55:53,True,48.1614755,N,11.553843166666667,E,0.042,,1618250153.0
2021-04-12 17:55:54,True,48.161475833333334,N,11.553841,E,0.053,,1618250154.0
2021-04-12 17:55:55,True,48.1614755,N,11.553838333333333,E,0.188,,1618250155.0
2021-04-12 17:55:56,True,48.16147566666667,N,11.5538265,E,1.904,273.27,1618250156.0
2021-04-12 17:55:57,True,48.161475833333334,N,11.553802,E,3.726,271.43,1618250157.0
2021-04-12 17:55:58,True,48.161475333333335,N,11.553763666666667,E,5.764,270.48,1618250158.0
2021-04-12 17:55:59,True,48.16147983333333,N,11.5537215,E,6.330,272.94,1618250159.0
2021-04-12 17:56:00,True,48.16148533333333,N,11.553673,E,7.078,274.70,1618250160.0
2021-04-12 17:56:01,True,48.161491166666664,N,11.553626833333333,E,6.520,277.66,1618250161.0
2021-04-12 17:56:02,True,48.16149466666667,N,11.5535915,E,4.430,278.25,1618250162.0
2021-04-12 17:56:03,True,48.16149583333333,N,11.553569,E,2.424,278.42,1618250163.0
2021-04-12 17:56:04,True,48.1614985,N,11.553559333333334,E,1.278,,1618250164.0
2021-04-12 17:56:05,True,48.16149866666667,N,11.553545833333333,E,1.551,,1618250165.0
2021-04-12 17:56:06,True,48.16150116666667,N,11.553535333333333,E,1.641,,1618250166.0
2021-04-12 17:56:07,True,48.161500833333335,N,11.553522833333334,E,1.621,,1618250167.0
2021-04-12 17:56:08,True,48.16150283333333,N,11.553508,E,2.224,,1618250168.0
2021-04-12 17:56:09,True,48.161502166666665,N,11.5534805,E,3.911,277.22,1618250169.0
2021-04-12 17:56:10,True,48.161503333333336,N,11.5534455,E,5.579,275.14,1618250170.0
2021-04-12 17:56:11,True,48.161502,N,11.553398166666666,E,7.434,270.01,1618250171.0
2021-04-12 17:56:12,True,48.161501333333334,N,11.553332833333334,E,9.832,272.63,1618250172.0
2021-04-12 17:56:13,True,48.1615045,N,11.553256,E,11.582,272.80,1618250173.0
2021-04-12 17:56:14,True,48.161508,N,11.5531675,E,13.310,273.00,1618250174.0
2021-04-12 17:56:15,True,48.161508,N,11.5530645,E,14.876,272.20,1618250175.0
2021-04-12 17:56:16,True,48.16151166666667,N,11.552951166666666,E,16.470,273.06,1618250176.0
2021-04-12 17:56:17,True,48.1615135,N,11.552827,E,17.574,272.83,1618250177.0
2021-04-12 17:56:18,True,48.161513666666664,N,11.552695,E,18.811,272.43,1618250178.0
2021-04-12 17:56:19,True,48.161514333333336,N,11.552558166666667,E,19.907,271.73,1618250179.0
2021-04-12 17:56:20,True,48.161512333333334,N,11.552411666666666,E,20.946,270.83,1618250180.0
2021-04-12 17:56:21,True,48.16151166666667,N,11.552262,E,21.544,270.91,1618250181.0
2021-04-12 17:56:22,True,48.161511,N,11.552114,E,21.262,271.58,1618250182.0
2021-04-12 17:56:23,True,48.1615125,N,11.551969166666666,E,20.817,272.62,1618250183.0
2021-04-12 17:56:24,True,48.161506333333335,N,11.551821166666667,E,20.782,269.81,1618250184.0
2021-04-12 17:56:25,True,48.161492,N,11.551676833333334,E,20.276,264.96,1618250185.0
2021-04-12 17:56:26,True,48.161475,N,11.551529166666667,E,20.506,262.93,1618250186.0
2021-04-12 17:56:27,True,48.16145483333333,N,11.551387666666667,E,20.944,260.06,1618250187.0
2021-04-12 17:56:28,True,48.16143366666667,N,11.551243833333332,E,21.212,257.34,1618250188.0
2021-04-12 17:56:29,True,48.161404833333336,N,11.551101333333333,E,21.081,254.08,1618250189.0
2021-04-12 17:56:30,True,48.161362,N,11.550960333333334,E,21.496,246.75,1618250190.0
2021-04-12 17:56:31,True,48.16131433333334,N,11.5508275,E,21.871,241.29,1618250191.0
2021-04-12 17:56:32,True,48.16125983333333,N,11.5506965,E,22.372,236.47,1618250192.0
2021-04-12 17:56:33,True,48.161196833333335,N,11.550569833333334,E,22.891,232.50,1618250193.0
2021-04-12 17:56:34,True,48.16113083333333,N,11.550444166666667,E,23.533,230.84,1618250194.0
2021-04-12 17:56:35,True,48.161061333333336,N,11.550317333333334,E,23.807,230.16,1618250195.0
2021-04-12 17:56:36,True,48.160991333333335,N,11.55019,E,24.113,229.94,1618250196.0
2021-04-12 17:56:37,True,48.16092066666667,N,11.550061,E,24.318,230.74,1618250197.0
2021-04-12 17:56:38,True,48.160848666666666,N,11.549925833333333,E,24.597,231.80,1618250198.0
2021-04-12 17:56:39,True,48.16077766666667,N,11.549793,E,24.459,230.86,1618250199.0
2021-04-12 17:56:40,True,48.160705666666665,N,11.549659666666667,E,24.561,231.27,1618250200.0
2021-04-12 17:56:41,True,48.16063466666667,N,11.549528,E,24.297,230.96,1618250201.0
2021-04-12 17:56:42,True,48.16056316666667,N,11.5493955,E,24.495,230.60,1618250202.0
2021-04-12 17:56:43,True,48.160490833333334,N,11.5492605,E,24.823,231.59,1618250203.0
2021-04-12 17:56:44,True,48.16041966666667,N,11.549125333333333,E,24.496,231.59,1618250204.0
2021-04-12 17:56:45,True,48.1603535,N,11.548991,E,23.302,234.85,1618250205.0
2021-04-12 17:56:46,True,48.1602865,N,11.548858666666666,E,23.991,232.14,1618250206.0
2021-04-12 17:56:47,True,48.16021883333333,N,11.5487275,E,23.540,232.91,1618250207.0
2021-04-12 17:56:48,True,48.160153666666666,N,11.548598333333333,E,22.986,233.49,1618250208.0
2021-04-12 17:56:49,True,48.16009566666666,N,11.548475333333334,E,21.230,234.42,1618250209.0
2021-04-12 17:56:50,True,48.16003933333333,N,11.5483585,E,20.260,233.65,1618250210.0
2021-04-12 17:56:51,True,48.159985666666664,N,11.548252,E,18.402,233.00,1618250211.0
2021-04-12 17:56:52,True,48.15993066666667,N,11.548163333333333,E,16.342,232.04,1618250212.0
2021-04-12 17:56:53,True,48.15988083333333,N,11.548083833333333,E,14.352,232.75,1618250213.0
2021-04-12 17:56:54,True,48.159842166666664,N,11.548016333333333,E,11.924,232.99,1618250214.0
2021-04-12 17:56:55,True,48.159813166666666,N,11.547958333333334,E,9.487,233.97,1618250215.0
2021-04-12 17:56:56,True,48.1597885,N,11.547913166666667,E,7.611,233.80,1618250216.0
2021-04-12 17:56:57,True,48.159767333333335,N,11.547876166666667,E,6.043,233.59,1618250217.0
2021-04-12 17:56:58,True,48.159757666666664,N,11.547852333333333,E,2.844,234.20,1618250218.0
2021-04-12 17:56:59,True,48.159752166666664,N,11.547844,E,0.433,,1618250219.0
2021-04-12 17:57:00,True,48.159753333333335,N,11.547838666666667,E,0.082,,1618250220.0
2021-04-12 17:57:01,True,48.1597535,N,11.547833666666667,E,0.138,,1618250221.0
2021-04-12 17:57:02,True,48.15975016666667,N,11.547833,E,0.102,,1618250222.0
2021-04-12 17:57:03,True,48.159749,N,11.54783,E,0.069,,1618250223.0
2021-04-12 17:57:04,True,48.1597465,N,11.547827833333333,E,0.028,,1618250224.0
2021-04-12 17:57:05,True,48.1597475,N,11.547824166666667,E,0.049,,1618250225.0
2021-04-12 17:57:06,True,48.159748666666665,N,11.547820666666667,E,0.020,,1618250226.0
2021-04-12 17:57:07,True,48.159752166666664,N,11.547815,E,0.052,,1618250227.0
2021-04-12 17:57:08,True,48.159754666666664,N,11.547813,E,0.011,,1618250228.0
2021-04-12 17:57:09,True,48.15975683333333,N,11.547810833333333,E,0.021,,1618250229.0
2021-04-12 17:57:10,True,48.159757166666665,N,11.547809,E,0.018,,1618250230.0
2021-04-12 17:57:11,True,48.15975733333333,N,11.547807166666667,E,0.036,,1618250231.0
2021-04-12 17:57:12,True,48.15975733333333,N,11.547805,E,0.022,,1618250232.0
2021-04-12 17:57:13,True,48.159757166666665,N,11.547802833333334,E,0.047,,1618250233.0
2021-04-12 17:57:14,True,48.159757,N,11.547800666666667,E,0.034,,1618250234.0
2021-04-12 17:57:15,True,48.15975666666667,N,11.547800166666667,E,0.052,,1618250235.0
2021-04-12 17:57:16,True,48.15975566666667,N,11.547800833333334,E,0.094,,1618250236.0
2021-04-12 17:57:17,True,48.1597535,N,11.547802,E,0.023,,1618250237.0
2021-04-12 17:57:18,True,48.159753,N,11.547801333333334,E,0.076,,1618250238.0
2021-04-12 17:57:19,True,48.159752833333336,N,11.547800833333334,E,0.052,,1618250239.0
2021-04-12 17:57:20,True,48.15975316666667,N,11.547800166666667,E,0.091,,1618250240.0
2021-04-12 17:57:21,True,48.15975366666667,N,11.547799,E,0.071,,1618250241.0
2021-04-12 17:57:22,True,48.15975383333333,N,11.547798666666667,E,0.081,,1618250242.0
2021-04-12 17:57:23,True,48.15975316666667,N,11.547796,E,0.470,,1618250243.0
2021-04-12 17:57:24,True,48.15974833333333,N,11.547784666666667,E,2.632,238.69,1618250244.0
2021-04-12 17:57:25,True,48.1597375,N,11.547763333333334,E,4.239,236.03,1618250245.0
2021-04-12 17:57:26,True,48.1597175,N,11.547738166666667,E,6.336,232.95,1618250246.0
2021-04-12 17:57:27,True,48.15969033333333,N,11.547703166666667,E,8.525,231.87,1618250247.0
2021-04-12 17:57:28,True,48.15965716666667,N,11.547655833333334,E,10.601,229.53,1618250248.0
2021-04-12 17:57:29,True,48.159619666666664,N,11.547592666666667,E,12.328,229.29,1618250249.0
2021-04-12 17:57:30,True,48.159576666666666,N,11.547524,E,13.769,229.53,1618250250.0
2021-04-12 17:57:31,True,48.1595325,N,11.547446833333334,E,15.111,230.03,1618250251.0
2021-04-12 17:57:32,True,48.159483333333334,N,11.547365166666667,E,16.254,229.97,1618250252.0
2021-04-12 17:57:33,True,48.15943133333333,N,11.547276833333333,E,17.074,229.92,1618250253.0
2021-04-12 17:57:34,True,48.15937983333333,N,11.547185166666667,E,17.534,230.89,1618250254.0
2021-04-12 17:57:35,True,48.159324,N,11.547089,E,18.389,230.83,1618250255.0
2021-04-12 17:57:36,True,48.15926983333333,N,11.546992333333334,E,18.705,230.21,1618250256.0
2021-04-12 17:57:37,True,48.159211,N,11.546885333333334,E,20.011,231.43,1618250257.0
2021-04-12 17:57:38,True,48.1591505,N,11.546771666666666,E,21.083,231.66,1618250258.0
2021-04-12 17:57:39,True,48.15908683333333,N,11.546654833333333,E,21.989,230.52,1618250259.0
2021-04-12 17:57:40,True,48.159020166666664,N,11.546533,E,22.810,230.39,1618250260.0
2021-04-12 17:57:41,True,48.1589505,N,11.546407,E,23.463,230.98,1618250261.0
2021-04-12 17:57:42,True,48.158878333333334,N,11.546276,E,24.422,231.02,1618250262.0
2021-04-12 17:57:43,True,48.15880533333333,N,11.546141,E,25.199,231.14,1618250263.0
2021-04-12 17:57:44,True,48.15872866666667,N,11.546004333333334,E,26.281,229.37,1618250264.0
2021-04-12 17:57:45,True,48.15864933333334,N,11.545863,E,26.679,230.50,1618250265.0
2021-04-12 17:57:46,True,48.15856816666667,N,11.545722,E,27.039,229.09,1618250266.0
2021-04-12 17:57:47,True,48.1584845,N,11.545572333333334,E,28.360,230.63,1618250267.0
2021-04-12 17:57:48,True,48.15839833333333,N,11.545418333333334,E,28.717,230.32,1618250268.0
2021-04-12 17:57:49,True,48.158313,N,11.545265666666667,E,28.318,230.65,1618250269.0
2021-04-12 17:57:50,True,48.15823066666667,N,11.545120166666667,E,27.470,229.31,1618250270.0
2021-04-12 17:57:51,True,48.15814966666667,N,11.544974833333333,E,26.744,230.63,1618250271.0
2021-04-12 17:57:52,True,48.158072833333335,N,11.544833833333334,E,25.789,231.16,1618250272.0
2021-04-12 17:57:53,True,48.15799883333333,N,11.544696166666666,E,25.099,231.14,1618250273.0
2021-04-12 17:57:54,True,48.1579275,N,11.544565,E,23.723,231.13,1618250274.0
2021-04-12 17:57:55,True,48.15786033333333,N,11.544440833333333,E,22.185,230.58,1618250275.0
2021-04-12 17:57:56,True,48.15779916666666,N,11.5443265,E,20.227,230.95,1618250276.0
2021-04-12 17:57:57,True,48.157743833333335,N,11.544225833333334,E,17.754,230.95,1618250277.0
2021-04-12 17:57:58,True,48.15769566666667,N,11.544137166666667,E,15.662,231.86,1618250278.0
2021-04-12 17:57:59,True,48.157652166666665,N,11.544061333333334,E,13.609,231.85,1618250279.0
2021-04-12 17:58:00,True,48.15761583333333,N,11.544,E,10.688,232.00,1618250280.0
2021-04-12 17:58:01,True,48.157583333333335,N,11.543957166666667,E,8.394,231.50,1618250281.0
2021-04-12 17:58:02,True,48.157563,N,11.543923833333332,E,5.695,231.83,1618250282.0
2021-04-12 17:58:03,True,48.15755,N,11.5439045,E,3.024,231.08,1618250283.0
2021-04-12 17:58:04,True,48.1575455,N,11.5438955,E,0.101,,1618250284.0
2021-04-12 17:58:05,True,48.15754366666667,N,11.543893666666667,E,0.069,,1618250285.0
2021-04-12 17:58:06,True,48.15754616666667,N,11.543887166666666,E,0.152,,1618250286.0
2021-04-12 17:58:07,True,48.1575455,N,11.5438835,E,0.139,,1618250287.0
2021-04-12 17:58:08,True,48.15754333333334,N,11.543882,E,0.074,,1618250288.0
2021-04-12 17:58:09,True,48.157542166666666,N,11.543876,E,0.027,,1618250289.0
2021-04-12 17:58:10,True,48.15754033333333,N,11.543871333333334,E,0.045,,1618250290.0
2021-04-12 17:58:11,True,48.1575385,N,11.543866333333334,E,0.015,,1618250291.0
2021-04-12 17:58:12,True,48.157539,N,11.543865166666667,E,0.038,,1618250292.0
2021-04-12 17:58:13,True,48.157539166666666,N,11.543864,E,0.041,,1618250293.0
2021-04-12 17:58:14,True,48.157538833333334,N,11.543863333333332,E,0.064,,1618250294.0
2021-04-12 17:58:15,True,48.1575375,N,11.543862333333333,E,0.017,,1618250295.0
2021-04-12 17:58:16,True,48.157536666666665,N,11.543860333333333,E,0.017,,1618250296.0
2021-04-12 17:58:17,True,48.15753566666667,N,11.54386,E,0.050,,1618250297.0
2021-04-12 17:58:18,True,48.1575325,N,11.543862,E,0.099,,1618250298.0
2021-04-12 17:58:19,True,48.1575295,N,11.543866,E,0.085,,1618250299.0
2021-04-12 17:58:20,True,48.15752766666667,N,11.543867833333334,E,0.020,,1618250300.0
2021-04-12 17:58:21,True,48.15752466666667,N,11.5438675,E,0.549,,1618250301.0
2021-04-12 17:58:22,True,48.15751933333333,N,11.543859166666667,E,2.154,231.93,1618250302.0
2021-04-12 17:58:23,True,48.1575075,N,11.543841333333333,E,4.135,231.70,1618250303.0
2021-04-12 17:58:24,True,48.157488666666666,N,11.543812,E,6.241,231.70,1618250304.0
2021-04-12 17:58:25,True,48.157466166666666,N,11.5437685,E,8.345,231.33,1618250305.0
2021-04-12 17:58:26,True,48.1574355,N,11.5437145,E,10.659,230.94,1618250306.0
2021-04-12 17:58:27,True,48.157401,N,11.543651666666667,E,12.282,231.65,1618250307.0
2021-04-12 17:58:28,True,48.15736283333333,N,11.543579,E,13.739,231.32,1618250308.0
2021-04-12 17:58:29,True,48.15732166666667,N,11.5434995,E,14.980,231.77,1618250309.0
2021-04-12 17:58:30,True,48.15727616666667,N,11.543410666666666,E,16.594,232.34,1618250310.0
2021-04-12 17:58:31,True,48.15722733333333,N,11.5433165,E,17.479,232.41,1618250311.0
2021-04-12 17:58:32,True,48.15717883333333,N,11.543218,E,18.083,231.97,1618250312.0
2021-04-12 17:58:33,True,48.157120666666664,N,11.543111833333333,E,20.164,231.02,1618250313.0
2021-04-12 17:58:34,True,48.15706,N,11.5429955,E,21.141,230.78,1618250314.0
2021-04-12 17:58:35,True,48.156994833333336,N,11.542874,E,22.096,230.19,1618250315.0
2021-04-12 17:58:36,True,48.156927,N,11.542752,E,22.705,230.13,1618250316.0
2021-04-12 17:58:37,True,48.156861166666665,N,11.542624666666667,E,23.231,231.13,1618250317.0
2021-04-12 17:58:38,True,48.156791,N,11.542498833333333,E,23.779,230.51,1618250318.0
2021-04-12 17:58:39,True,48.156716833333334,N,11.542368333333334,E,24.576,230.77,1618250319.0
2021-04-12 17:58:40,True,48.15664233333333,N,11.542230833333333,E,25.237,230.33,1618250320.0
2021-04-12 17:58:41,True,48.15656516666667,N,11.542089333333333,E,26.056,230.47,1618250321.0
2021-04-12 17:58:42,True,48.156486666666666,N,11.541947166666667,E,26.699,230.24,1618250322.0
2021-04-12 17:58:43,True,48.1564045,N,11.541800333333333,E,27.543,230.59,1618250323.0
2021-04-12 17:58:44,True,48.156320666666666,N,11.5416495,E,28.420,230.32,1618250324.0
2021-04-12 17:58:45,True,48.156236666666665,N,11.541498833333334,E,28.127,230.58,1618250325.0
2021-04-12 17:58:46,True,48.15615366666667,N,11.541354833333333,E,27.140,229.79,1618250326.0
2021-04-12 17:58:47,True,48.15607266666667,N,11.541214333333333,E,26.348,230.73,1618250327.0
2021-04-12 17:58:48,True,48.15599433333333,N,11.541077,E,25.589,229.52,1618250328.0
2021-04-12 17:58:49,True,48.155920333333334,N,11.5409485,E,24.490,229.02,1618250329.0
2021-04-12 17:58:50,True,48.1558505,N,11.540826833333334,E,22.724,230.22,1618250330.0
2021-04-12 17:58:51,True,48.155786,N,11.540711,E,20.898,229.86,1618250331.0
2021-04-12 17:58:52,True,48.15572816666667,N,11.540608166666667,E,18.727,230.43,1618250332.0
2021-04-12 17:58:53,True,48.155676,N,11.540521833333333,E,16.144,231.09,1618250333.0
2021-04-12 17:58:54,True,48.155634666666664,N,11.5404405,E,14.050,232.27,1618250334.0
2021-04-12 17:58:55,True,48.15560166666667,N,11.540371333333333,E,11.198,232.92,1618250335.0
2021-04-12 17:58:56,True,48.1555755,N,11.540313833333334,E,8.727,232.98,1618250336.0
2021-04-12 17:58:57,True,48.155559833333335,N,11.540274666666667,E,5.227,232.58,1618250337.0
2021-04-12 17:58:58,True,48.155555,N,11.540257,E,1.068,,1618250338.0
2021-04-12 17:58:59,True,48.1555545,N,11.5402495,E,0.064,,1618250339.0
2021-04-12 17:59:00,True,48.155551333333335,N,11.540241333333332,E,0.101,,1618250340.0
2021-04-12 17:59:01,True,48.155548333333336,N,11.540243,E,0.116,,1618250341.0
2021-04-12 17:59:02,True,48.1555455,N,11.540245,E,0.019,,1618250342.0
2021-04-12 17:59:03,True,48.155543333333334,N,11.540247666666666,E,0.096,,1618250343.0
2021-04-12 17:59:04,True,48.15554083333333,N,11.540249833333334,E,0.022,,1618250344.0
2021-04-12 17:59:05,True,48.1555375,N,11.540251166666666,E,0.055,,1618250345.0
2021-04-12 17:59:06,True,48.155531833333335,N,11.540250666666667,E,0.037,,1618250346.0
2021-04-12 17:59:07,True,48.15552783333333,N,11.540249333333334,E,0.063,,1618250347.0
2021-04-12 17:59:08,True,48.155524666666665,N,11.540247,E,0.030,,1618250348.0
2021-04-12 17:59:09,True,48.155521666666665,N,11.540244166666668,E,0.045,,1618250349.0
2021-04-12 17:59:10,True,48.155517833333334,N,11.540238166666667,E,0.010,,1618250350.0
2021-04-12 17:59:11,True,48.1555165,N,11.540235666666666,E,0.095,,1618250351.0
2021-04-12 17:59:12,True,48.155511,N,11.5402295,E,0.051,,1618250352.0
2021-04-12 17:59:13,True,48.15551083333333,N,11.540228666666666,E,0.020,,1618250353.0
2021-04-12 17:59:14,True,48.15550833333333,N,11.540229666666667,E,0.656,,1618250354.0
2021-04-12 17:59:15,True,48.15550483333333,N,11.540217833333333,E,2.120,236.40,1618250355.0
2021-04-12 17:59:16,True,48.155494166666664,N,11.540194666666666,E,3.986,239.39,1618250356.0
2021-04-12 17:59:17,True,48.15547983333333,N,11.540161333333334,E,5.798,239.84,1618250357.0
2021-04-12 17:59:18,True,48.15545983333333,N,11.540113333333334,E,8.024,240.44,1618250358.0
2021-04-12 17:59:19,True,48.155434166666666,N,11.540056833333333,E,9.901,237.80,1618250359.0
2021-04-12 17:59:20,True,48.15540633333333,N,11.539986666666668,E,11.891,239.06,1618250360.0
2021-04-12 17:59:21,True,48.15537466666667,N,11.539907666666666,E,13.238,239.56,1618250361.0
2021-04-12 17:59:22,True,48.15533883333333,N,11.539820666666667,E,15.093,238.97,1618250362.0
2021-04-12 17:59:23,True,48.155298333333334,N,11.539726166666666,E,16.407,237.87,1618250363.0
2021-04-12 17:59:24,True,48.155254166666666,N,11.539627333333334,E,17.048,236.54,1618250364.0
2021-04-12 17:59:25,True,48.15520383333333,N,11.5395285,E,17.778,234.16,1618250365.0
2021-04-12 17:59:26,True,48.1551485,N,11.539426166666667,E,18.654,232.01,1618250366.0
2021-04-12 17:59:27,True,48.15509483333334,N,11.539320333333333,E,19.024,232.31,1618250367.0
2021-04-12 17:59:28,True,48.155029666666664,N,11.539197,E,21.433,232.58,1618250368.0
2021-04-12 17:59:29,True,48.154959166666664,N,11.5390855,E,21.966,229.57,1618250369.0
2021-04-12 17:59:30,True,48.15488883333333,N,11.5389615,E,23.317,229.99,1618250370.0
2021-04-12 17:59:31,True,48.154819833333335,N,11.538841333333334,E,23.175,229.67,1618250371.0
2021-04-12 17:59:32,True,48.15475283333333,N,11.538720666666666,E,23.011,229.59,1618250372.0
2021-04-12 17:59:33,True,48.154688,N,11.538610166666667,E,22.115,228.94,1618250373.0
2021-04-12 17:59:34,True,48.15462616666667,N,11.538492,E,22.048,230.37,1618250374.0
2021-04-12 17:59:35,True,48.1545715,N,11.538384666666667,E,20.656,231.30,1618250375.0
2021-04-12 17:59:36,True,48.15451566666667,N,11.538281833333333,E,19.892,230.96,1618250376.0
2021-04-12 17:59:37,True,48.15446633333333,N,11.5381785,E,19.368,231.35,1618250377.0
2021-04-12 17:59:38,True,48.154415166666666,N,11.538077666666666,E,18.701,231.90,1618250378.0
2021-04-12 17:59:39,True,48.154369833333334,N,11.5379785,E,17.901,232.60,1618250379.0
2021-04-12 17:59:40,True,48.15432216666667,N,11.537889833333333,E,16.674,231.25,1618250380.0
2021-04-12 17:59:41,True,48.154282333333335,N,11.5378145,E,14.377,230.53,1618250381.0
2021-04-12 17:59:42,True,48.154255,N,11.537757833333334,E,10.738,230.17,1618250382.0
2021-04-12 17:59:43,True,48.15423366666667,N,11.537712833333334,E,7.583,229.35,1618250383.0
2021-04-12 17:59:44,True,48.154221166666666,N,11.537684666666667,E,4.632,228.25,1618250384.0
2021-04-12 17:59:45,True,48.154221,N,11.537669333333334,E,1.416,228.87,1618250385.0
2021-04-12 17:59:46,True,48.154220333333335,N,11.537666833333333,E,0.219,,1618250386.0
2021-04-12 17:59:47,True,48.1542225,N,11.537663333333333,E,0.054,,1618250387.0
2021-04-12 17:59:48,True,48.15422183333333,N,11.537660333333333,E,0.018,,1618250388.0
2021-04-12 17:59:49,True,48.1542215,N,11.5376585,E,0.011,,1618250389.0
2021-04-12 17:59:50,True,48.154221666666665,N,11.537656666666667,E,0.035,,1618250390.0
2021-04-12 17:59:51,True,48.1542215,N,11.537655,E,0.018,,1618250391.0
2021-04-12 17:59:52,True,48.154221,N,11.537654166666666,E,0.019,,1618250392.0
2021-04-12 17:59:53,True,48.15422083333333,N,11.537652833333333,E,0.008,,1618250393.0
2021-04-12 17:59:54,True,48.15422016666667,N,11.5376515,E,0.051,,1618250394.0
2021-04-12 17:59:55,True,48.154219833333336,N,11.537650666666666,E,0.037,,1618250395.0
2021-04-12 17:59:56,True,48.1542195,N,11.537650333333334,E,0.024,,1618250396.0
2021-04-12 17:59:57,True,48.15421883333333,N,11.537650333333334,E,0.026,,1618250397.0
2021-04-12 17:59:58,True,48.154217333333335,N,11.537648833333334,E,0.403,,1618250398.0
2021-04-12 17:59:59,True,48.15421416666667,N,11.537644833333333,E,0.976,227.20,1618250399.0
2021-04-12 18:00:00,True,48.15420683333333,N,11.5376325,E,2.740,229.87,1618250400.0
2021-04-12 18:00:01,True,48.154195333333334,N,11.537610833333334,E,4.708,233.99,1618250401.0
2021-04-12 18:00:02,True,48.1541765,N,11.537578666666667,E,6.553,230.97,1618250402.0
2021-04-12 18:00:03,True,48.15415083333333,N,11.5375345,E,8.712,229.74,1618250403.0
2021-04-12 18:00:04,True,48.1541195,N,11.537479833333334,E,10.842,229.65,1618250404.0
2021-04-12 18:00:05,True,48.154083,N,11.537417,E,12.370,229.54,1618250405.0
2021-04-12 18:00:06,True,48.154042833333335,N,11.537345,E,13.984,230.26,1618250406.0
2021-04-12 18:00:07,True,48.153999166666665,N,11.537267833333333,E,14.694,230.10,1618250407.0
2021-04-12 18:00:08,True,48.153954166666665,N,11.537186666666667,E,15.283,230.18,1618250408.0
2021-04-12 18:00:09,True,48.153908,N,11.537104,E,15.664,230.53,1618250409.0
2021-04-12 18:00:10,True,48.153862,N,11.537017,E,16.158,232.29,1618250410.0
2021-04-12 18:00:11,True,48.153819166666665,N,11.536927833333333,E,16.236,235.28,1618250411.0
2021-04-12 18:00:12,True,48.153782166666666,N,11.5368365,E,15.814,238.02,1618250412.0
2021-04-12 18:00:13,True,48.15374583333333,N,11.5367345,E,16.807,242.10,1618250413.0
2021-04-12 18:00:14,True,48.153710833333335,N,11.536624333333334,E,17.577,244.48,1618250414.0
2021-04-12 18:00:15,True,48.153677333333334,N,11.536510833333333,E,18.062,246.40,1618250415.0
2021-04-12 18:00:16,True,48.153645833333336,N,11.5363895,E,18.932,248.64,1618250416.0
2021-04-12 18:00:17,True,48.153616666666665,N,11.5362685,E,18.728,249.76,1618250417.0
2021-04-12 18:00:18,True,48.15358583333333,N,11.536135666666667,E,19.936,251.16,1618250418.0
2021-04-12 18:00:19,True,48.153555833333336,N,11.535994833333334,E,20.846,251.89,1618250419.0
2021-04-12 18:00:20,True,48.153528,N,11.535853166666667,E,21.225,252.00,1618250420.0
2021-04-12 18:00:21,True,48.15350166666666,N,11.535708833333333,E,21.582,253.39,1618250421.0
2021-04-12 18:00:22,True,48.15348,N,11.535564833333334,E,21.589,254.96,1618250422.0
2021-04-12 18:00:23,True,48.153446,N,11.535414833333334,E,22.839,253.07,1618250423.0
2021-04-12 18:00:24,True,48.1534165,N,11.535262333333334,E,23.051,253.56,1618250424.0
2021-04-12 18:00:25,True,48.15338533333333,N,11.535110333333334,E,23.024,252.93,1618250425.0
2021-04-12 18:00:26,True,48.15335616666667,N,11.534957833333333,E,23.033,253.23,1618250426.0
2021-04-12 18:00:27,True,48.153322833333334,N,11.534800333333333,E,23.744,253.27,1618250427.0
2021-04-12 18:00:28,True,48.15329283333333,N,11.5346415,E,23.887,253.87,1618250428.0
2021-04-12 18:00:29,True,48.15326233333333,N,11.534485,E,23.528,253.41,1618250429.0
2021-04-12 18:00:30,True,48.153232833333334,N,11.53434,E,21.979,252.42,1618250430.0
2021-04-12 18:00:31,True,48.15320616666666,N,11.5342115,E,19.659,250.53,1618250431.0
2021-04-12 18:00:32,True,48.15318383333334,N,11.534097666666666,E,17.088,249.78,1618250432.0
2021-04-12 18:00:33,True,48.153168666666666,N,11.534004,E,14.006,250.41,1618250433.0
2021-04-12 18:00:34,True,48.153156333333335,N,11.533930666666667,E,10.786,250.44,1618250434.0
2021-04-12 18:00:35,True,48.153144833333336,N,11.533875166666666,E,8.006,249.93,1618250435.0
2021-04-12 18:00:36,True,48.1531435,N,11.533843,E,4.284,252.62,1618250436.0
2021-04-12 18:00:37,True,48.153136833333335,N,11.533820166666667,E,2.777,254.97,1618250437.0
2021-04-12 18:00:38,True,48.15313316666666,N,11.533803333333333,E,2.125,256.93,1618250438.0
2021-04-12 18:00:39,True,48.153128833333334,N,11.5337945,E,1.060,257.65,1618250439.0
2021-04-12 18:00:40,True,48.1531265,N,11.533788333333334,E,0.514,,1618250440.0
2021-04-12 18:00:41,True,48.153127,N,11.533787166666666,E,0.056,,1618250441.0
2021-04-12 18:00:42,True,48.153125833333334,N,11.533785833333333,E,0.046,,1618250442.0
2021-04-12 18:00:43,True,48.153123,N,11.533781333333334,E,0.740,258.43,1618250443.0
2021-04-12 18:00:44,True,48.153119833333335,N,11.533767333333333,E,2.045,257.07,1618250444.0
2021-04-12 18:00:45,True,48.153114333333335,N,11.533739333333333,E,4.298,256.82,1618250445.0
2021-04-12 18:00:46,True,48.15310866666667,N,11.533700333333334,E,5.630,257.90,1618250446.0
2021-04-12 18:00:47,True,48.15310266666667,N,11.533660666666666,E,5.865,257.26,1618250447.0
2021-04-12 18:00:48,True,48.1530965,N,11.533616333333333,E,6.250,258.56,1618250448.0
2021-04-12 18:00:49,True,48.153091833333335,N,11.533576666666667,E,5.480,260.95,1618250449.0
2021-04-12 18:00:50,True,48.153086333333334,N,11.533539666666666,E,5.311,260.23,1618250450.0
2021-04-12 18:00:51,True,48.153081,N,11.533508666666666,E,4.457,258.92,1618250451.0
2021-04-12 18:00:52,True,48.153070666666665,N,11.53348,E,4.273,251.65,1618250452.0
2021-04-12 18:00:53,True,48.15305883333333,N,11.533459833333334,E,3.750,242.30,1618250453.0
2021-04-12 18:00:54,True,48.1530425,N,11.533450666666667,E,3.497,220.88,1618250454.0
2021-04-12 18:00:55,True,48.15303,N,11.533448,E,3.150,201.37,1618250455.0
2021-04-12 18:00:56,True,48.1530125,N,11.533448,E,3.772,190.86,1618250456.0
2021-04-12 18:00:57,True,48.152995,N,11.533453333333334,E,4.135,181.08,1618250457.0
2021-04-12 18:00:58,True,48.15296766666667,N,11.5334705,E,6.058,162.80,1618250458.0
2021-04-12 18:00:59,True,48.15294016666667,N,11.533497666666667,E,7.015,152.89,1618250459.0
2021-04-12 18:01:00,True,48.152921166666665,N,11.533528333333333,E,6.326,141.84,1618250460.0
2021-04-12 18:01:01,True,48.1528955,N,11.5335705,E,7.897,134.81,1618250461.0
2021-04-12 18:01:02,True,48.152869333333335,N,11.533613,E,8.218,134.01,1618250462.0
2021-04-12 18:01:03,True,48.15283766666667,N,11.533662166666666,E,9.175,134.34,1618250463.0
2021-04-12 18:01:04,True,48.15280883333333,N,11.533707166666666,E,8.752,134.54,1618250464.0
2021-04-12 18:01:05,True,48.15278416666666,N,11.533747,E,7.973,135.26,1618250465.0
2021-04-12 18:01:06,True,48.15276466666667,N,11.533792,E,7.743,130.63,1618250466.0
2021-04-12 18:01:07,True,48.1527525,N,11.533828666666667,E,6.391,128.14,1618250467.0
2021-04-12 18:01:08,True,48.152741,N,11.533868833333333,E,6.074,124.65,1618250468.0
2021-04-12 18:01:09,True,48.1527345,N,11.5339015,E,4.925,123.39,1618250469.0
2021-04-12 18:01:10,True,48.152731,N,11.533917333333333,E,2.736,124.21,1618250470.0
2021-04-12 18:01:11,True,48.15273633333333,N,11.533924,E,0.710,,1618250471.0
2021-04-12 18:01:12,True,48.152742833333335,N,11.533930833333333,E,0.258,,1618250472.0
2021-04-12 18:01:13,True,48.1527455,N,11.5339365,E,0.289,,1618250473.0
2021-04-12 18:01:14,True,48.152746,N,11.533940666666666,E,0.135,,1618250474.0
2021-04-12 18:01:15,True,48.15274766666667,N,11.533944833333333,E,0.028,,1618250475.0
2021-04-12 18:01:16,True,48.15274816666667,N,11.533953833333333,E,0.219,,1618250476.0
2021-04-12 18:01:17,True,48.15275,N,11.533955,E,0.479,,1618250477.0
2021-04-12 18:01:18,True,48.15274616666667,N,11.533954833333333,E,0.493,,1618250478.0
2021-04-12 18:01:19,True,48.15274616666667,N,11.533957333333333,E,0.267,,1618250479.0
2021-04-12 18:01:20,True,48.152745333333336,N,11.5339595,E,0.142,,1618250480.0
2021-04-12 18:01:21,True,48.152746,N,11.533957666666666,E,0.159,,1618250481.0
2021-04-12 18:01:22,True,48.15274383333333,N,11.533953833333333,E,0.506,,1618250482.0
